city,aqi,date
अगरतला,81,8 Aug 2026
आगरा,49,8 Aug 2026
अहमदाबाद,83,8 Aug 2026
अहमदनगर,42,8 Aug 2026
आइजोल,15,8 Aug 2026
अकोला,42,8 Aug 2026
अलवर,80,8 Aug 2026
अमरावती,85,8 Aug 2026
अंबाला,85,8 Aug 2026
अंबरनाथ,89,8 Aug 2026
अमरावती,65,8 Aug 2026
अमृतसर,58,8 Aug 2026
अनंतपुर,68,8 Aug 2026
अंगुल,62,8 Aug 2026
अंकलेश्वर,64,8 Aug 2026
आरा,51,8 Aug 2026
आसनसोल,55,8 Aug 2026
Aurangabad (Maharashtra),51,8 Aug 2026
बड़ी,94,8 Aug 2026
Badlapur,37,8 Aug 2026
Baghpat,50,8 Aug 2026
Bahadurgarh,48,8 Aug 2026
Balasore,42,8 Aug 2026
Ballabgarh,36,8 Aug 2026
बांसवाड़ा,67,8 Aug 2026
Baran,87,8 Aug 2026
Barbil,43,8 Aug 2026
बरेली,56,8 Aug 2026
Baripada,47,8 Aug 2026
बाड़मेर,88,8 Aug 2026
Barrackpore,41,8 Aug 2026
बठिंडा,43,8 Aug 2026
Beed,44,8 Aug 2026
Begusarai,83,8 Aug 2026
Belapur,22,8 Aug 2026
बेलगाम,48,8 Aug 2026
Bengaluru,49,8 Aug 2026
Bettiah,28,8 Aug 2026
भागलपुर,54,8 Aug 2026
भरतपुर,32,8 Aug 2026
भावनगर,62,8 Aug 2026
Bhilai,28,8 Aug 2026
भीलवाड़ा,122,8 Aug 2026
भिवाड़ी,74,8 Aug 2026
Bhiwandi,54,8 Aug 2026
भोपाल,87,8 Aug 2026
भुवनेश्वर,36,8 Aug 2026
बीकानेर,93,8 Aug 2026
बिलासपुर,35,8 Aug 2026
Boisar,50,8 Aug 2026
Bulandshahr,32,8 Aug 2026
Bundi,87,8 Aug 2026
Byrnihat (Assam),106,8 Aug 2026
Byrnihat (Meghalaya),158,8 Aug 2026
Chamarajanagar,45,8 Aug 2026
Chandigarh,42,8 Aug 2026
Chandrapur,76,8 Aug 2026
Charkhi dadri,55,8 Aug 2026
Chennai,79,8 Aug 2026
Chhal,29,8 Aug 2026
Chikkaballapur,24,8 Aug 2026
Chikkamagaluru,33,8 Aug 2026
Chittoor,60,8 Aug 2026
Chittorgarh,88,8 Aug 2026
Churu,47,8 Aug 2026
Coimbatore,26,8 Aug 2026
Cuttack,59,8 Aug 2026
Damoh,51,8 Aug 2026
Dausa,65,8 Aug 2026
Dehradun,42,8 Aug 2026
Delhi,63,8 Aug 2026
Dewas,81,8 Aug 2026
Dharuhera,53,8 Aug 2026
Dharwad,63,8 Aug 2026
Dholpur,33,8 Aug 2026
Dhule,60,8 Aug 2026
Dombivli,35,8 Aug 2026
Dungarpur,76,8 Aug 2026
Durgapur,58,8 Aug 2026
Eloor,64,8 Aug 2026
Eluru,52,8 Aug 2026
Faridabad,93,8 Aug 2026
Fatehabad,48,8 Aug 2026
Fatehpur sikri,29,8 Aug 2026
Firozabad,35,8 Aug 2026
Gadag,105,8 Aug 2026
Gajraula,42,8 Aug 2026
Gandhinagar,92,8 Aug 2026
Gaya,48,8 Aug 2026
Ghaziabad,54,8 Aug 2026
Gorakhpur,120,8 Aug 2026
Greater noida,142,8 Aug 2026
Gummidipoondi,126,8 Aug 2026
Guntur,49,8 Aug 2026
Gurugram,87,8 Aug 2026
Guwahati,32,8 Aug 2026
Gwalior,49,8 Aug 2026
Hajipur,40,8 Aug 2026
Haldia,26,8 Aug 2026
Hanumangarh,39,8 Aug 2026
Hapur,47,8 Aug 2026
Hingoli,319,8 Aug 2026
Hisar,32,8 Aug 2026
Howrah,45,8 Aug 2026
Hyderabad,46,8 Aug 2026
Indore,58,8 Aug 2026
Jabalpur,57,8 Aug 2026
Jaipur,75,8 Aug 2026
Jaisalmer,102,8 Aug 2026
Jalandhar,41,8 Aug 2026
Jalgaon,43,8 Aug 2026
Jalna,39,8 Aug 2026
Jalore,88,8 Aug 2026
Jhalawar,76,8 Aug 2026
Jhansi,55,8 Aug 2026
Jhunjhunu,63,8 Aug 2026
Jind,51,8 Aug 2026
Jodhpur,84,8 Aug 2026
Jorapokhar,67,8 Aug 2026
Kaithal,70,8 Aug 2026
Kakinada,66,8 Aug 2026
Kalaburagi,32,8 Aug 2026
Kalyan,80,8 Aug 2026
Kannur,54,8 Aug 2026
Kanpur,64,8 Aug 2026
Karauli,39,8 Aug 2026
Karnal,48,8 Aug 2026
Karwar,59,8 Aug 2026
Katni,74,8 Aug 2026
Khairthal,73,8 Aug 2026
Khanna,70,8 Aug 2026
Khora,76,8 Aug 2026
Khurja,53,8 Aug 2026
Kishanganj,50,8 Aug 2026
Kohima,56,8 Aug 2026
Kolhapur,31,8 Aug 2026
Kolkata,51,8 Aug 2026
Korba,26,8 Aug 2026
Kota,95,8 Aug 2026
Kunjemura,27,8 Aug 2026
Kurnool,33,8 Aug 2026
Kurukshetra,52,8 Aug 2026
Latur,47,8 Aug 2026
Lucknow,72,8 Aug 2026
Ludhiana,80,8 Aug 2026
Machilipatnam,65,8 Aug 2026
Madikeri,14,8 Aug 2026
Mahad,38,8 Aug 2026
Maihar,29,8 Aug 2026
Malegaon,57,8 Aug 2026
Mandideep,101,8 Aug 2026
Mandi gobindgarh,118,8 Aug 2026
Manesar,41,8 Aug 2026
Manguraha,73,8 Aug 2026
Mathura,42,8 Aug 2026
Meerut,57,8 Aug 2026
Mehsana,72,8 Aug 2026
Milupara,36,8 Aug 2026
Mira-bhayandar,31,8 Aug 2026
Modinagar,22,8 Aug 2026
Moradabad,42,8 Aug 2026
Mumbai,43,8 Aug 2026
Munger,45,8 Aug 2026
Muzaffarnagar,35,8 Aug 2026
Muzaffarpur,39,8 Aug 2026
Mysuru,48,8 Aug 2026
Nagaon,62,8 Aug 2026
Nagaur,95,8 Aug 2026
Nagpur,54,8 Aug 2026
Naharlagun,28,8 Aug 2026
Nalbari,59,8 Aug 2026
Nanded,39,8 Aug 2026
Nandesari,69,8 Aug 2026
Narnaul,59,8 Aug 2026
Nashik,45,8 Aug 2026
Navi mumbai,39,8 Aug 2026
Nellore,56,8 Aug 2026
Noida,55,8 Aug 2026
Pali,134,8 Aug 2026
Palwal,110,8 Aug 2026
Pampore,45,8 Aug 2026
Panchgaon,33,8 Aug 2026
Panchkula,35,8 Aug 2026
Panipat,119,8 Aug 2026
Parbhani,27,8 Aug 2026
Patiala,44,8 Aug 2026
Patna,66,8 Aug 2026
Pimpri-chinchwad,55,8 Aug 2026
Pithampur,128,8 Aug 2026
Pratapgarh,82,8 Aug 2026
Prayagraj,35,8 Aug 2026
Puducherry,43,8 Aug 2026
Pune,52,8 Aug 2026
Purnia,56,8 Aug 2026
Raebareli,66,8 Aug 2026
Raipur,43,8 Aug 2026
Rairangpur,31,8 Aug 2026
Rajamahendravaram,65,8 Aug 2026
Rajkot,72,8 Aug 2026
Rajsamand,91,8 Aug 2026
Ramanagara,48,8 Aug 2026
Ratlam,43,8 Aug 2026
Rishikesh,37,8 Aug 2026
Rohtak,52,8 Aug 2026
Rourkela,48,8 Aug 2026
Sagar,36,8 Aug 2026
Saharsa,46,8 Aug 2026
Samastipur,104,8 Aug 2026
Sangli,42,8 Aug 2026
Satara,58,8 Aug 2026
Satna,70,8 Aug 2026
Sawai madhopur,78,8 Aug 2026
Shamli,87,8 Aug 2026
Shillong,32,8 Aug 2026
Shivamogga,39,8 Aug 2026
Sikar,43,8 Aug 2026
Silchar,55,8 Aug 2026
Siliguri,118,8 Aug 2026
Singrauli,39,8 Aug 2026
Sirohi,71,8 Aug 2026
Sirsa,81,8 Aug 2026
Siwan,105,8 Aug 2026
Solapur,42,8 Aug 2026
Sonipat,103,8 Aug 2026
Sri ganganagar,83,8 Aug 2026
Srinagar,40,8 Aug 2026
Surat,56,8 Aug 2026
Talcher,87,8 Aug 2026
Tensa,77,8 Aug 2026
Thane,41,8 Aug 2026
Thiruvananthapuram,40,8 Aug 2026
Thoothukudi,67,8 Aug 2026
Thrissur,42,8 Aug 2026
Tirumala,43,8 Aug 2026
Tirupati,55,8 Aug 2026
Tonk,109,8 Aug 2026
Udaipur,109,8 Aug 2026
Ujjain,71,8 Aug 2026
Ulhasnagar,42,8 Aug 2026
Vadodara,75,8 Aug 2026
Vapi,44,8 Aug 2026
Varanasi,66,8 Aug 2026
Vatva,121,8 Aug 2026
Virar,31,8 Aug 2026
Visakhapatnam,103,8 Aug 2026
Vrindavan,36,8 Aug 2026
Yadgir,43,8 Aug 2026
Yamuna nagar,87,8 Aug 2026
अगरतला,61,7 Aug 2026
आगरा,54,7 Aug 2026
अहमदाबाद,92,7 Aug 2026
अहमदनगर,48,7 Aug 2026
आइजोल,14,7 Aug 2026
अकोला,42,7 Aug 2026
अलवर,94,7 Aug 2026
अमरावती,53,7 Aug 2026
अंबाला,97,7 Aug 2026
अंबरनाथ,87,7 Aug 2026
अमरावती,48,7 Aug 2026
अमृतसर,77,7 Aug 2026
अनंतपुर,71,7 Aug 2026
अंगुल,64,7 Aug 2026
अंकलेश्वर,65,7 Aug 2026
अररिया,43,7 Aug 2026
आरा,48,7 Aug 2026
आसनसोल,61,7 Aug 2026
Aurangabad (Maharashtra),49,7 Aug 2026
बड़ी,98,7 Aug 2026
Badlapur,26,7 Aug 2026
बागलकोट,51,7 Aug 2026
Baghpat,32,7 Aug 2026
Bahadurgarh,48,7 Aug 2026
Balasore,54,7 Aug 2026
Ballabgarh,41,7 Aug 2026
बांसवाड़ा,64,7 Aug 2026
Baran,45,7 Aug 2026
Barbil,34,7 Aug 2026
बरेली,34,7 Aug 2026
Baripada,44,7 Aug 2026
बाड़मेर,91,7 Aug 2026
Barrackpore,48,7 Aug 2026
बठिंडा,88,7 Aug 2026
Beed,42,7 Aug 2026
Begusarai,104,7 Aug 2026
Belapur,20,7 Aug 2026
Bengaluru,51,7 Aug 2026
Bettiah,26,7 Aug 2026
भागलपुर,99,7 Aug 2026
भरतपुर,27,7 Aug 2026
भावनगर,63,7 Aug 2026
Bhilai,30,7 Aug 2026
भीलवाड़ा,123,7 Aug 2026
भिवाड़ी,73,7 Aug 2026
Bhiwandi,42,7 Aug 2026
भिवानी,157,7 Aug 2026
भोपाल,77,7 Aug 2026
भुवनेश्वर,43,7 Aug 2026
बिलासपुर,41,7 Aug 2026
Bileipada,68,7 Aug 2026
Boisar,52,7 Aug 2026
Brajrajnagar,44,7 Aug 2026
Bulandshahr,38,7 Aug 2026
Bundi,72,7 Aug 2026
Byrnihat (Assam),86,7 Aug 2026
Byrnihat (Meghalaya),181,7 Aug 2026
Chamarajanagar,43,7 Aug 2026
Chandigarh,21,7 Aug 2026
Chandrapur,53,7 Aug 2026
Charkhi dadri,149,7 Aug 2026
Chennai,128,7 Aug 2026
Chhapra,85,7 Aug 2026
Chikkamagaluru,27,7 Aug 2026
Chittoor,72,7 Aug 2026
Chittorgarh,83,7 Aug 2026
Churu,75,7 Aug 2026
Cuttack,53,7 Aug 2026
Damoh,50,7 Aug 2026
Dausa,42,7 Aug 2026
Delhi,63,7 Aug 2026
Dewas,84,7 Aug 2026
Dharuhera,72,7 Aug 2026
Dharwad,59,7 Aug 2026
Dholpur,31,7 Aug 2026
Dhule,67,7 Aug 2026
Dombivli,36,7 Aug 2026
Dungarpur,78,7 Aug 2026
Durgapur,92,7 Aug 2026
Eloor,81,7 Aug 2026
Eluru,154,7 Aug 2026
Faridabad,86,7 Aug 2026
Fatehabad,58,7 Aug 2026
Fatehpur sikri,29,7 Aug 2026
Firozabad,34,7 Aug 2026
Gadag,39,7 Aug 2026
Gajraula,28,7 Aug 2026
Gandhinagar,97,7 Aug 2026
Gaya,30,7 Aug 2026
Ghaziabad,60,7 Aug 2026
Gorakhpur,74,7 Aug 2026
Greater noida,87,7 Aug 2026
Gummidipoondi,150,7 Aug 2026
Guntur,63,7 Aug 2026
Gurugram,77,7 Aug 2026
Guwahati,39,7 Aug 2026
Gwalior,54,7 Aug 2026
Hajipur,50,7 Aug 2026
Haldia,29,7 Aug 2026
Hanumangarh,63,7 Aug 2026
Hapur,52,7 Aug 2026
Hingoli,187,7 Aug 2026
Hisar,53,7 Aug 2026
Howrah,52,7 Aug 2026
Hyderabad,45,7 Aug 2026
Indore,58,7 Aug 2026
Jabalpur,63,7 Aug 2026
Jaipur,90,7 Aug 2026
Jaisalmer,117,7 Aug 2026
Jalandhar,62,7 Aug 2026
Jalgaon,51,7 Aug 2026
Jalna,52,7 Aug 2026
Jalore,104,7 Aug 2026
Jhalawar,70,7 Aug 2026
Jhansi,44,7 Aug 2026
Jhunjhunu,83,7 Aug 2026
Jind,47,7 Aug 2026
Jodhpur,91,7 Aug 2026
Jorapokhar,59,7 Aug 2026
Kadapa,57,7 Aug 2026
Kaithal,101,7 Aug 2026
Kakinada,45,7 Aug 2026
Kalaburagi,34,7 Aug 2026
Kalyan,73,7 Aug 2026
Kannur,67,7 Aug 2026
Kanpur,55,7 Aug 2026
Karauli,35,7 Aug 2026
Karnal,46,7 Aug 2026
Karwar,52,7 Aug 2026
Katni,57,7 Aug 2026
Keonjhar,38,7 Aug 2026
Khairthal,131,7 Aug 2026
Khanna,70,7 Aug 2026
Khora,80,7 Aug 2026
Kohima,59,7 Aug 2026
Kolhapur,29,7 Aug 2026
Kolkata,49,7 Aug 2026
Korba,28,7 Aug 2026
Kota,73,7 Aug 2026
Kunjemura,26,7 Aug 2026
Kurnool,28,7 Aug 2026
Kurukshetra,47,7 Aug 2026
Latur,38,7 Aug 2026
Lucknow,49,7 Aug 2026
Machilipatnam,61,7 Aug 2026
Madikeri,12,7 Aug 2026
Mahad,58,7 Aug 2026
Maihar,28,7 Aug 2026
Malegaon,67,7 Aug 2026
Mandideep,95,7 Aug 2026
Mandi gobindgarh,118,7 Aug 2026
Manesar,42,7 Aug 2026
Mathura,39,7 Aug 2026
Meerut,50,7 Aug 2026
Mehsana,78,7 Aug 2026
Milupara,24,7 Aug 2026
Mira-bhayandar,38,7 Aug 2026
Modinagar,36,7 Aug 2026
Moradabad,34,7 Aug 2026
Motihari,69,7 Aug 2026
Mumbai,42,7 Aug 2026
Munger,64,7 Aug 2026
Muzaffarnagar,34,7 Aug 2026
Muzaffarpur,57,7 Aug 2026
Mysuru,51,7 Aug 2026
Nagaon,54,7 Aug 2026
Nagaur,103,7 Aug 2026
Nagpur,46,7 Aug 2026
Naharlagun,37,7 Aug 2026
Nanded,37,7 Aug 2026
Nandesari,64,7 Aug 2026
Nashik,45,7 Aug 2026
Navi mumbai,42,7 Aug 2026
Nellore,57,7 Aug 2026
Noida,51,7 Aug 2026
Pali,169,7 Aug 2026
Palwal,95,7 Aug 2026
Pampore,69,7 Aug 2026
Panchgaon,47,7 Aug 2026
Panchkula,35,7 Aug 2026
Panipat,81,7 Aug 2026
Parbhani,33,7 Aug 2026
Patiala,35,7 Aug 2026
Patna,78,7 Aug 2026
Pimpri-chinchwad,49,7 Aug 2026
Pithampur,119,7 Aug 2026
Pratapgarh,94,7 Aug 2026
Prayagraj,27,7 Aug 2026
Puducherry,35,7 Aug 2026
Pune,59,7 Aug 2026
Purnia,57,7 Aug 2026
Raebareli,72,7 Aug 2026
Raipur,50,7 Aug 2026
Rairangpur,24,7 Aug 2026
Rajamahendravaram,42,7 Aug 2026
Rajkot,77,7 Aug 2026
Rajsamand,103,7 Aug 2026
Ramanagara,45,7 Aug 2026
Ratlam,42,7 Aug 2026
Rishikesh,37,7 Aug 2026
Rohtak,30,7 Aug 2026
Rourkela,40,7 Aug 2026
Sagar,40,7 Aug 2026
Saharsa,42,7 Aug 2026
Samastipur,83,7 Aug 2026
Sangli,36,7 Aug 2026
Satara,66,7 Aug 2026
Satna,71,7 Aug 2026
Sawai madhopur,68,7 Aug 2026
Shamli,125,7 Aug 2026
Shillong,28,7 Aug 2026
Shivamogga,29,7 Aug 2026
Sikar,95,7 Aug 2026
Silchar,39,7 Aug 2026
Siliguri,125,7 Aug 2026
Singrauli,38,7 Aug 2026
Sirohi,89,7 Aug 2026
Sirsa,89,7 Aug 2026
Siwan,105,7 Aug 2026
Solapur,47,7 Aug 2026
Sonipat,132,7 Aug 2026
Sri ganganagar,89,7 Aug 2026
Srinagar,55,7 Aug 2026
Surat,61,7 Aug 2026
Tensa,77,7 Aug 2026
Thane,49,7 Aug 2026
Thiruvananthapuram,43,7 Aug 2026
Thoothukudi,67,7 Aug 2026
Thrissur,46,7 Aug 2026
Tirumala,43,7 Aug 2026
Tirupati,61,7 Aug 2026
Tonk,125,7 Aug 2026
Tumakuru,64,7 Aug 2026
Tumidih,36,7 Aug 2026
Udaipur,118,7 Aug 2026
Ujjain,73,7 Aug 2026
Ulhasnagar,49,7 Aug 2026
Vadodara,87,7 Aug 2026
Vapi,46,7 Aug 2026
Varanasi,54,7 Aug 2026
Vatva,113,7 Aug 2026
Vijayawada,70,7 Aug 2026
Virar,37,7 Aug 2026
Visakhapatnam,68,7 Aug 2026
Vrindavan,32,7 Aug 2026
Yadgir,38,7 Aug 2026
अगरतला,69,6 Aug 2026
आगरा,55,6 Aug 2026
अहमदाबाद,85,6 Aug 2026
अहमदनगर,47,6 Aug 2026
अजमेर,84,6 Aug 2026
अकोला,36,6 Aug 2026
अलवर,89,6 Aug 2026
अमरावती,67,6 Aug 2026
अंबाला,62,6 Aug 2026
अंबरनाथ,71,6 Aug 2026
अमरावती,37,6 Aug 2026
अमृतसर,75,6 Aug 2026
अंगुल,76,6 Aug 2026
अंकलेश्वर,74,6 Aug 2026
आसनसोल,56,6 Aug 2026
Aurangabad (Maharashtra),53,6 Aug 2026
बड़ी,104,6 Aug 2026
Badlapur,44,6 Aug 2026
बागलकोट,51,6 Aug 2026
Bahadurgarh,49,6 Aug 2026
Balasore,56,6 Aug 2026
Ballabgarh,75,6 Aug 2026
बांसवाड़ा,58,6 Aug 2026
Baran,55,6 Aug 2026
बरेली,40,6 Aug 2026
Baripada,48,6 Aug 2026
बाड़मेर,90,6 Aug 2026
Barrackpore,47,6 Aug 2026
Beed,42,6 Aug 2026
Begusarai,32,6 Aug 2026
Belapur,32,6 Aug 2026
Bengaluru,61,6 Aug 2026
भागलपुर,121,6 Aug 2026
भरतपुर,35,6 Aug 2026
भावनगर,67,6 Aug 2026
Bhilai,29,6 Aug 2026
भीलवाड़ा,87,6 Aug 2026
भिवाड़ी,74,6 Aug 2026
Bhiwandi,55,6 Aug 2026
भिवानी,159,6 Aug 2026
भोपाल,58,6 Aug 2026
भुवनेश्वर,54,6 Aug 2026
बीकानेर,99,6 Aug 2026
बिलासपुर,30,6 Aug 2026
Bileipada,53,6 Aug 2026
Boisar,54,6 Aug 2026
Brajrajnagar,49,6 Aug 2026
Bulandshahr,41,6 Aug 2026
Bundi,77,6 Aug 2026
Byrnihat (Assam),95,6 Aug 2026
Byrnihat (Meghalaya),94,6 Aug 2026
Chamarajanagar,44,6 Aug 2026
Chandigarh,38,6 Aug 2026
Chandrapur,45,6 Aug 2026
Charkhi dadri,97,6 Aug 2026
Chennai,80,6 Aug 2026
Chhal,43,6 Aug 2026
Chhapra,100,6 Aug 2026
Chikkaballapur,30,6 Aug 2026
Chikkamagaluru,29,6 Aug 2026
Chittoor,65,6 Aug 2026
Chittorgarh,67,6 Aug 2026
Churu,91,6 Aug 2026
Coimbatore,26,6 Aug 2026
Cuddalore,23,6 Aug 2026
Cuttack,47,6 Aug 2026
Damoh,50,6 Aug 2026
Dausa,70,6 Aug 2026
Delhi,74,6 Aug 2026
Dewas,96,6 Aug 2026
Dharuhera,82,6 Aug 2026
Dharwad,66,6 Aug 2026
Dholpur,32,6 Aug 2026
Dhule,58,6 Aug 2026
Dombivli,34,6 Aug 2026
Dungarpur,76,6 Aug 2026
Durgapur,46,6 Aug 2026
Eloor,67,6 Aug 2026
Eluru,49,6 Aug 2026
Faridabad,113,6 Aug 2026
Fatehabad,63,6 Aug 2026
Fatehpur sikri,29,6 Aug 2026
Firozabad,53,6 Aug 2026
Gadag,39,6 Aug 2026
Gandhinagar,89,6 Aug 2026
Gaya,89,6 Aug 2026
Ghaziabad,82,6 Aug 2026
Gorakhpur,55,6 Aug 2026
Greater noida,97,6 Aug 2026
Gummidipoondi,119,6 Aug 2026
Guntur,61,6 Aug 2026
Gurugram,90,6 Aug 2026
Gwalior,51,6 Aug 2026
Hajipur,35,6 Aug 2026
Hanumangarh,65,6 Aug 2026
Hapur,46,6 Aug 2026
Hingoli,93,6 Aug 2026
Howrah,66,6 Aug 2026
Hyderabad,45,6 Aug 2026
Indore,54,6 Aug 2026
Jabalpur,51,6 Aug 2026
Jaipur,92,6 Aug 2026
Jaisalmer,120,6 Aug 2026
Jalandhar,71,6 Aug 2026
Jalgaon,36,6 Aug 2026
Jalna,52,6 Aug 2026
Jalore,85,6 Aug 2026
Jhalawar,61,6 Aug 2026
Jhansi,76,6 Aug 2026
Jhunjhunu,77,6 Aug 2026
Jind,56,6 Aug 2026
Jodhpur,77,6 Aug 2026
Jorapokhar,64,6 Aug 2026
Kaithal,103,6 Aug 2026
Kakinada,52,6 Aug 2026
Kalaburagi,41,6 Aug 2026
Kalyan,68,6 Aug 2026
Kannur,70,6 Aug 2026
Kanpur,51,6 Aug 2026
Karnal,52,6 Aug 2026
Karwar,47,6 Aug 2026
Katni,79,6 Aug 2026
Keonjhar,39,6 Aug 2026
Khairthal,72,6 Aug 2026
Khanna,65,6 Aug 2026
Khora,89,6 Aug 2026
Khurja,54,6 Aug 2026
Kishanganj,51,6 Aug 2026
Kohima,54,6 Aug 2026
Kolhapur,34,6 Aug 2026
Kolkata,60,6 Aug 2026
Korba,29,6 Aug 2026
Kota,81,6 Aug 2026
Kunjemura,39,6 Aug 2026
Kurnool,28,6 Aug 2026
Kurukshetra,49,6 Aug 2026
Latur,36,6 Aug 2026
Lucknow,54,6 Aug 2026
Ludhiana,70,6 Aug 2026
Machilipatnam,69,6 Aug 2026
Madikeri,14,6 Aug 2026
Madurai,44,6 Aug 2026
Mahad,35,6 Aug 2026
Maihar,28,6 Aug 2026
Malegaon,59,6 Aug 2026
Mandideep,76,6 Aug 2026
Mandi gobindgarh,118,6 Aug 2026
Manesar,42,6 Aug 2026
Mangalore,49,6 Aug 2026
Manguraha,73,6 Aug 2026
Mathura,32,6 Aug 2026
Meerut,53,6 Aug 2026
Mehsana,85,6 Aug 2026
Mira-bhayandar,36,6 Aug 2026
Moradabad,26,6 Aug 2026
Mumbai,46,6 Aug 2026
Munger,48,6 Aug 2026
Muzaffarnagar,51,6 Aug 2026
Muzaffarpur,33,6 Aug 2026
Mysuru,54,6 Aug 2026
Nagaon,54,6 Aug 2026
Nagaur,83,6 Aug 2026
Nagpur,43,6 Aug 2026
Naharlagun,28,6 Aug 2026
Nalbari,71,6 Aug 2026
Nanded,35,6 Aug 2026
Nandesari,62,6 Aug 2026
Narnaul,77,6 Aug 2026
Nashik,34,6 Aug 2026
Navi mumbai,44,6 Aug 2026
Nellore,60,6 Aug 2026
Noida,76,6 Aug 2026
Pali,135,6 Aug 2026
Pampore,82,6 Aug 2026
Panchgaon,48,6 Aug 2026
Panchkula,44,6 Aug 2026
Panipat,96,6 Aug 2026
Parbhani,34,6 Aug 2026
Patiala,47,6 Aug 2026
Patna,49,6 Aug 2026
Pimpri-chinchwad,50,6 Aug 2026
Pithampur,107,6 Aug 2026
Pratapgarh,86,6 Aug 2026
Prayagraj,79,6 Aug 2026
Puducherry,47,6 Aug 2026
Pune,45,6 Aug 2026
Purnia,56,6 Aug 2026
Raebareli,72,6 Aug 2026
Raipur,41,6 Aug 2026
Rairangpur,24,6 Aug 2026
Rajamahendravaram,44,6 Aug 2026
Rajkot,83,6 Aug 2026
Rajsamand,83,6 Aug 2026
Ramanagara,42,6 Aug 2026
Ratlam,35,6 Aug 2026
Rishikesh,37,6 Aug 2026
Rohtak,38,6 Aug 2026
Rourkela,50,6 Aug 2026
Rupnagar,54,6 Aug 2026
Sagar,40,6 Aug 2026
Saharsa,40,6 Aug 2026
Samastipur,76,6 Aug 2026
Sangli,37,6 Aug 2026
Satara,51,6 Aug 2026
Satna,70,6 Aug 2026
Sawai madhopur,67,6 Aug 2026
Shamli,85,6 Aug 2026
Shillong,28,6 Aug 2026
Shivamogga,37,6 Aug 2026
Sikar,44,6 Aug 2026
Silchar,40,6 Aug 2026
Siliguri,122,6 Aug 2026
Sirohi,79,6 Aug 2026
Sirsa,80,6 Aug 2026
Siwan,105,6 Aug 2026
Solapur,45,6 Aug 2026
Sonipat,134,6 Aug 2026
Sri ganganagar,78,6 Aug 2026
Srinagar,58,6 Aug 2026
Surat,73,6 Aug 2026
Talcher,75,6 Aug 2026
Thane,45,6 Aug 2026
Thiruvananthapuram,47,6 Aug 2026
Thoothukudi,67,6 Aug 2026
Thrissur,47,6 Aug 2026
Tirumala,42,6 Aug 2026
Tirupati,70,6 Aug 2026
Tonk,102,6 Aug 2026
Tumakuru,65,6 Aug 2026
Tumidih,32,6 Aug 2026
Udaipur,99,6 Aug 2026
Ujjain,51,6 Aug 2026
Ulhasnagar,38,6 Aug 2026
Vadodara,86,6 Aug 2026
Vapi,33,6 Aug 2026
Varanasi,40,6 Aug 2026
Vatva,117,6 Aug 2026
Vijayapura,43,6 Aug 2026
Vijayawada,61,6 Aug 2026
Virar,35,6 Aug 2026
Visakhapatnam,99,6 Aug 2026
Vrindavan,34,6 Aug 2026
Yamuna nagar,76,6 Aug 2026
अगरतला,61,5 Aug 2026
आगरा,63,5 Aug 2026
अहमदाबाद,94,5 Aug 2026
अहमदनगर,54,5 Aug 2026
आइजोल,14,5 Aug 2026
अजमेर,88,5 Aug 2026
अकोला,51,5 Aug 2026
अलवर,101,5 Aug 2026
अमरावती,79,5 Aug 2026
अंबाला,74,5 Aug 2026
अमरावती,46,5 Aug 2026
अमृतसर,85,5 Aug 2026
अंगुल,62,5 Aug 2026
अंकलेश्वर,74,5 Aug 2026
अररिया,47,5 Aug 2026
आसनसोल,58,5 Aug 2026
Aurangabad (Maharashtra),58,5 Aug 2026
बड़ी,115,5 Aug 2026
Badlapur,49,5 Aug 2026
बागलकोट,51,5 Aug 2026
Bahadurgarh,39,5 Aug 2026
Balasore,52,5 Aug 2026
Ballabgarh,63,5 Aug 2026
बांसवाड़ा,63,5 Aug 2026
Baran,57,5 Aug 2026
Barbil,59,5 Aug 2026
बरेली,38,5 Aug 2026
Baripada,53,5 Aug 2026
बाड़मेर,80,5 Aug 2026
Barrackpore,56,5 Aug 2026
बठिंडा,84,5 Aug 2026
Beed,26,5 Aug 2026
Begusarai,33,5 Aug 2026
Belapur,30,5 Aug 2026
Bengaluru,49,5 Aug 2026
Bettiah,41,5 Aug 2026
भागलपुर,120,5 Aug 2026
भरतपुर,33,5 Aug 2026
भावनगर,64,5 Aug 2026
Bhilai,26,5 Aug 2026
भीलवाड़ा,109,5 Aug 2026
भिवाड़ी,74,5 Aug 2026
Bhiwandi,53,5 Aug 2026
भोपाल,73,5 Aug 2026
भुवनेश्वर,46,5 Aug 2026
बीकानेर,59,5 Aug 2026
बिलासपुर,37,5 Aug 2026
Bileipada,52,5 Aug 2026
Boisar,53,5 Aug 2026
Brajrajnagar,48,5 Aug 2026
Bulandshahr,38,5 Aug 2026
Bundi,70,5 Aug 2026
Byasanagar,64,5 Aug 2026
Byrnihat (Assam),94,5 Aug 2026
Byrnihat (Meghalaya),127,5 Aug 2026
Chamarajanagar,45,5 Aug 2026
Chandigarh,37,5 Aug 2026
Chandrapur,47,5 Aug 2026
Charkhi dadri,152,5 Aug 2026
Chennai,61,5 Aug 2026
Chhal,61,5 Aug 2026
Chikkaballapur,25,5 Aug 2026
Chittoor,58,5 Aug 2026
Chittorgarh,68,5 Aug 2026
Churu,58,5 Aug 2026
Coimbatore,27,5 Aug 2026
Cuttack,58,5 Aug 2026
Damoh,51,5 Aug 2026
Dausa,165,5 Aug 2026
Delhi,69,5 Aug 2026
Dewas,92,5 Aug 2026
Dharuhera,67,5 Aug 2026
Dharwad,65,5 Aug 2026
Dholpur,298,5 Aug 2026
Dhule,54,5 Aug 2026
Dombivli,34,5 Aug 2026
Dungarpur,86,5 Aug 2026
Durgapur,63,5 Aug 2026
Eloor,64,5 Aug 2026
Eluru,54,5 Aug 2026
Faridabad,80,5 Aug 2026
Fatehabad,55,5 Aug 2026
Fatehpur sikri,29,5 Aug 2026
Firozabad,45,5 Aug 2026
Gadag,43,5 Aug 2026
Gandhinagar,112,5 Aug 2026
Gaya,123,5 Aug 2026
Ghaziabad,70,5 Aug 2026
Gorakhpur,62,5 Aug 2026
Greater noida,115,5 Aug 2026
Gummidipoondi,131,5 Aug 2026
Guntur,62,5 Aug 2026
Gurugram,103,5 Aug 2026
Guwahati,63,5 Aug 2026
Gwalior,61,5 Aug 2026
Hajipur,48,5 Aug 2026
Haldia,50,5 Aug 2026
Hanumangarh,32,5 Aug 2026
Hapur,53,5 Aug 2026
Hingoli,38,5 Aug 2026
Hisar,41,5 Aug 2026
Howrah,61,5 Aug 2026
Hyderabad,47,5 Aug 2026
Indore,53,5 Aug 2026
Jabalpur,53,5 Aug 2026
Jaipur,102,5 Aug 2026
Jaisalmer,105,5 Aug 2026
Jalandhar,50,5 Aug 2026
Jalgaon,50,5 Aug 2026
Jalna,46,5 Aug 2026
Jalore,95,5 Aug 2026
Jhalawar,60,5 Aug 2026
Jhansi,65,5 Aug 2026
Jhunjhunu,82,5 Aug 2026
Jind,49,5 Aug 2026
Jodhpur,84,5 Aug 2026
Jorapokhar,74,5 Aug 2026
Kaithal,103,5 Aug 2026
Kakinada,62,5 Aug 2026
Kalaburagi,33,5 Aug 2026
Kalyan,60,5 Aug 2026
Kannur,46,5 Aug 2026
Kanpur,40,5 Aug 2026
Karauli,64,5 Aug 2026
Karnal,51,5 Aug 2026
Karwar,42,5 Aug 2026
Katni,82,5 Aug 2026
Keonjhar,41,5 Aug 2026
Khairthal,88,5 Aug 2026
Khanna,73,5 Aug 2026
Khora,96,5 Aug 2026
Khurja,41,5 Aug 2026
Kishanganj,57,5 Aug 2026
Kohima,53,5 Aug 2026
Kolhapur,26,5 Aug 2026
Kolkata,58,5 Aug 2026
Korba,25,5 Aug 2026
Kota,78,5 Aug 2026
Kunjemura,57,5 Aug 2026
Kurnool,29,5 Aug 2026
Kurukshetra,43,5 Aug 2026
Latur,45,5 Aug 2026
Lucknow,56,5 Aug 2026
Ludhiana,52,5 Aug 2026
Machilipatnam,79,5 Aug 2026
Madikeri,14,5 Aug 2026
Madurai,34,5 Aug 2026
Mahad,48,5 Aug 2026
Malegaon,63,5 Aug 2026
Mandideep,88,5 Aug 2026
Mandi gobindgarh,117,5 Aug 2026
Manesar,38,5 Aug 2026
Mangalore,52,5 Aug 2026
Manguraha,80,5 Aug 2026
Mathura,34,5 Aug 2026
Meerut,49,5 Aug 2026
Mehsana,88,5 Aug 2026
Mira-bhayandar,29,5 Aug 2026
Moradabad,47,5 Aug 2026
Mumbai,42,5 Aug 2026
Muzaffarnagar,49,5 Aug 2026
Muzaffarpur,38,5 Aug 2026
Mysuru,48,5 Aug 2026
Nagaon,47,5 Aug 2026
Nagaur,95,5 Aug 2026
Nagpur,55,5 Aug 2026
Naharlagun,12,5 Aug 2026
Nalbari,79,5 Aug 2026
Nanded,34,5 Aug 2026
Nandesari,59,5 Aug 2026
Narnaul,90,5 Aug 2026
Nashik,44,5 Aug 2026
Navi mumbai,31,5 Aug 2026
Nellore,54,5 Aug 2026
Noida,64,5 Aug 2026
Pali,135,5 Aug 2026
Palwal,60,5 Aug 2026
Pampore,53,5 Aug 2026
Panchgaon,31,5 Aug 2026
Panchkula,30,5 Aug 2026
Parbhani,41,5 Aug 2026
Patiala,35,5 Aug 2026
Patna,63,5 Aug 2026
Pimpri-chinchwad,47,5 Aug 2026
Pithampur,107,5 Aug 2026
Pratapgarh,105,5 Aug 2026
Prayagraj,44,5 Aug 2026
Puducherry,37,5 Aug 2026
Pune,52,5 Aug 2026
Purnia,55,5 Aug 2026
Raebareli,75,5 Aug 2026
Raipur,35,5 Aug 2026
Rairangpur,44,5 Aug 2026
Rajamahendravaram,41,5 Aug 2026
Rajkot,80,5 Aug 2026
Rajsamand,80,5 Aug 2026
Ramanagara,44,5 Aug 2026
Ratlam,41,5 Aug 2026
Rishikesh,37,5 Aug 2026
Rohtak,35,5 Aug 2026
Rourkela,49,5 Aug 2026
Rupnagar,54,5 Aug 2026
Sagar,38,5 Aug 2026
Saharsa,52,5 Aug 2026
Sangli,34,5 Aug 2026
Satara,52,5 Aug 2026
Satna,70,5 Aug 2026
Sawai madhopur,84,5 Aug 2026
Shamli,71,5 Aug 2026
Shillong,32,5 Aug 2026
Sikar,120,5 Aug 2026
Silchar,55,5 Aug 2026
Siliguri,122,5 Aug 2026
Sirohi,77,5 Aug 2026
Sirsa,84,5 Aug 2026
Siwan,105,5 Aug 2026
Solapur,51,5 Aug 2026
Sonipat,132,5 Aug 2026
Sri ganganagar,61,5 Aug 2026
Srinagar,46,5 Aug 2026
Surat,78,5 Aug 2026
Thane,39,5 Aug 2026
Thiruvananthapuram,37,5 Aug 2026
Thoothukudi,65,5 Aug 2026
Tirumala,47,5 Aug 2026
Tirupati,69,5 Aug 2026
Tonk,114,5 Aug 2026
Tumidih,35,5 Aug 2026
Udaipur,97,5 Aug 2026
Ujjain,57,5 Aug 2026
Ulhasnagar,8,5 Aug 2026
Vadodara,88,5 Aug 2026
Vapi,36,5 Aug 2026
Varanasi,38,5 Aug 2026
Vatva,117,5 Aug 2026
Vijayapura,43,5 Aug 2026
Vijayawada,62,5 Aug 2026
Virar,38,5 Aug 2026
Visakhapatnam,106,5 Aug 2026
Vrindavan,49,5 Aug 2026
Yamuna nagar,115,5 Aug 2026
अगरतला,73,4 Aug 2026
आगरा,58,4 Aug 2026
अहमदाबाद,91,4 Aug 2026
अहमदनगर,50,4 Aug 2026
आइजोल,14,4 Aug 2026
अजमेर,84,4 Aug 2026
अकोला,46,4 Aug 2026
अलवर,85,4 Aug 2026
अमरावती,59,4 Aug 2026
अंबाला,63,4 Aug 2026
अमरावती,34,4 Aug 2026
अमृतसर,54,4 Aug 2026
अनंतपुर,55,4 Aug 2026
अंगुल,65,4 Aug 2026
अंकलेश्वर,67,4 Aug 2026
अररिया,47,4 Aug 2026
आसनसोल,58,4 Aug 2026
Aurangabad (Maharashtra),49,4 Aug 2026
बड़ी,75,4 Aug 2026
Badlapur,34,4 Aug 2026
बागलकोट,51,4 Aug 2026
Bahadurgarh,48,4 Aug 2026
Balasore,50,4 Aug 2026
Ballabgarh,45,4 Aug 2026
बांसवाड़ा,42,4 Aug 2026
Baran,50,4 Aug 2026
Barbil,70,4 Aug 2026
बरेली,42,4 Aug 2026
Baripada,60,4 Aug 2026
बाड़मेर,84,4 Aug 2026
Barrackpore,64,4 Aug 2026
Beed,32,4 Aug 2026
Begusarai,29,4 Aug 2026
Belapur,53,4 Aug 2026
बेलगाम,64,4 Aug 2026
Bengaluru,53,4 Aug 2026
भागलपुर,118,4 Aug 2026
भरतपुर,31,4 Aug 2026
भावनगर,64,4 Aug 2026
Bhilai,28,4 Aug 2026
भीलवाड़ा,94,4 Aug 2026
भिवाड़ी,73,4 Aug 2026
Bhiwandi,72,4 Aug 2026
भिवानी,26,4 Aug 2026
भोपाल,54,4 Aug 2026
भुवनेश्वर,41,4 Aug 2026
बीकानेर,65,4 Aug 2026
Bileipada,133,4 Aug 2026
Boisar,47,4 Aug 2026
Brajrajnagar,44,4 Aug 2026
Bulandshahr,38,4 Aug 2026
Bundi,47,4 Aug 2026
Byasanagar,51,4 Aug 2026
Byrnihat (Meghalaya),70,4 Aug 2026
Chamarajanagar,42,4 Aug 2026
Chandigarh,39,4 Aug 2026
Chandrapur,45,4 Aug 2026
Charkhi dadri,75,4 Aug 2026
Chennai,72,4 Aug 2026
Chhapra,86,4 Aug 2026
Chikkaballapur,32,4 Aug 2026
Chittoor,63,4 Aug 2026
Chittorgarh,64,4 Aug 2026
Churu,32,4 Aug 2026
Coimbatore,25,4 Aug 2026
Cuddalore,23,4 Aug 2026
Cuttack,53,4 Aug 2026
Damoh,50,4 Aug 2026
Dausa,131,4 Aug 2026
Dehradun,64,4 Aug 2026
Delhi,64,4 Aug 2026
Dewas,90,4 Aug 2026
Dharuhera,71,4 Aug 2026
Dharwad,60,4 Aug 2026
Dholpur,248,4 Aug 2026
Dhule,51,4 Aug 2026
Dombivli,39,4 Aug 2026
Dungarpur,77,4 Aug 2026
Durgapur,85,4 Aug 2026
Eloor,125,4 Aug 2026
Eluru,53,4 Aug 2026
Faridabad,88,4 Aug 2026
Fatehabad,58,4 Aug 2026
Fatehpur sikri,29,4 Aug 2026
Firozabad,40,4 Aug 2026
Gandhinagar,101,4 Aug 2026
Gaya,93,4 Aug 2026
Ghaziabad,68,4 Aug 2026
Gorakhpur,45,4 Aug 2026
Greater noida,100,4 Aug 2026
Gummidipoondi,127,4 Aug 2026
Guntur,50,4 Aug 2026
Gurugram,76,4 Aug 2026
Guwahati,98,4 Aug 2026
Gwalior,56,4 Aug 2026
Hajipur,41,4 Aug 2026
Haldia,47,4 Aug 2026
Hanumangarh,34,4 Aug 2026
Hapur,39,4 Aug 2026
Hingoli,39,4 Aug 2026
Hisar,48,4 Aug 2026
Howrah,67,4 Aug 2026
Hyderabad,49,4 Aug 2026
Indore,52,4 Aug 2026
Jabalpur,53,4 Aug 2026
Jaipur,70,4 Aug 2026
Jaisalmer,100,4 Aug 2026
Jalandhar,45,4 Aug 2026
Jalgaon,37,4 Aug 2026
Jalore,88,4 Aug 2026
Jhalawar,83,4 Aug 2026
Jhansi,61,4 Aug 2026
Jhunjhunu,100,4 Aug 2026
Jind,43,4 Aug 2026
Jodhpur,93,4 Aug 2026
Jorapokhar,87,4 Aug 2026
Kadapa,56,4 Aug 2026
Kaithal,98,4 Aug 2026
Kakinada,57,4 Aug 2026
Kalaburagi,32,4 Aug 2026
Kalyan,71,4 Aug 2026
Kannur,45,4 Aug 2026
Kanpur,43,4 Aug 2026
Karauli,40,4 Aug 2026
Karnal,51,4 Aug 2026
Karwar,42,4 Aug 2026
Kashipur,38,4 Aug 2026
Katni,63,4 Aug 2026
Keonjhar,44,4 Aug 2026
Khanna,75,4 Aug 2026
Khora,103,4 Aug 2026
Khurja,55,4 Aug 2026
Kishanganj,49,4 Aug 2026
Kohima,50,4 Aug 2026
Kolhapur,31,4 Aug 2026
Kolkata,68,4 Aug 2026
Korba,41,4 Aug 2026
Kota,58,4 Aug 2026
Kunjemura,39,4 Aug 2026
Kurnool,29,4 Aug 2026
Kurukshetra,45,4 Aug 2026
Latur,34,4 Aug 2026
Lucknow,51,4 Aug 2026
Ludhiana,72,4 Aug 2026
Machilipatnam,82,4 Aug 2026
Madikeri,15,4 Aug 2026
Madurai,28,4 Aug 2026
Mahad,52,4 Aug 2026
Maihar,26,4 Aug 2026
Malegaon,42,4 Aug 2026
Mandideep,64,4 Aug 2026
Mandi gobindgarh,123,4 Aug 2026
Mandikhera,99,4 Aug 2026
Manesar,34,4 Aug 2026
Mangalore,48,4 Aug 2026
Mathura,28,4 Aug 2026
Meerut,46,4 Aug 2026
Mehsana,87,4 Aug 2026
Milupara,31,4 Aug 2026
Mira-bhayandar,38,4 Aug 2026
Moradabad,49,4 Aug 2026
Mumbai,49,4 Aug 2026
Muzaffarnagar,45,4 Aug 2026
Muzaffarpur,31,4 Aug 2026
Mysuru,50,4 Aug 2026
Nagaon,56,4 Aug 2026
Nagaur,84,4 Aug 2026
Nagpur,35,4 Aug 2026
Naharlagun,23,4 Aug 2026
Nalbari,67,4 Aug 2026
Nanded,29,4 Aug 2026
Nandesari,51,4 Aug 2026
Narnaul,64,4 Aug 2026
Nashik,35,4 Aug 2026
Navi mumbai,44,4 Aug 2026
Nellore,65,4 Aug 2026
Noida,61,4 Aug 2026
Pali,110,4 Aug 2026
Palwal,77,4 Aug 2026
Pampore,51,4 Aug 2026
Panchgaon,33,4 Aug 2026
Panchkula,69,4 Aug 2026
Panipat,146,4 Aug 2026
Parbhani,26,4 Aug 2026
Patiala,35,4 Aug 2026
Patna,55,4 Aug 2026
Pimpri-chinchwad,53,4 Aug 2026
Pithampur,103,4 Aug 2026
Pratapgarh,93,4 Aug 2026
Prayagraj,73,4 Aug 2026
Puducherry,37,4 Aug 2026
Pune,48,4 Aug 2026
Purnia,56,4 Aug 2026
Raipur,40,4 Aug 2026
Rairangpur,40,4 Aug 2026
Rajamahendravaram,36,4 Aug 2026
Rajkot,84,4 Aug 2026
Rajsamand,62,4 Aug 2026
Ramanagara,38,4 Aug 2026
Ratlam,45,4 Aug 2026
Rishikesh,37,4 Aug 2026
Rohtak,37,4 Aug 2026
Rourkela,48,4 Aug 2026
Sagar,38,4 Aug 2026
Saharsa,49,4 Aug 2026
Samastipur,36,4 Aug 2026
Sangli,44,4 Aug 2026
Sasaram,54,4 Aug 2026
Satara,70,4 Aug 2026
Satna,70,4 Aug 2026
Sawai madhopur,64,4 Aug 2026
Shamli,72,4 Aug 2026
Shillong,28,4 Aug 2026
Sikar,92,4 Aug 2026
Silchar,57,4 Aug 2026
Siliguri,115,4 Aug 2026
Singrauli,46,4 Aug 2026
Sirohi,81,4 Aug 2026
Sirsa,85,4 Aug 2026
Siwan,105,4 Aug 2026
Solapur,48,4 Aug 2026
Sonipat,131,4 Aug 2026
Srinagar,43,4 Aug 2026
Surat,78,4 Aug 2026
Talcher,82,4 Aug 2026
Thane,48,4 Aug 2026
Thiruvananthapuram,38,4 Aug 2026
Thoothukudi,65,4 Aug 2026
Thrissur,43,4 Aug 2026
Tirumala,50,4 Aug 2026
Tirupati,67,4 Aug 2026
Tonk,105,4 Aug 2026
Tumidih,49,4 Aug 2026
Udaipur,71,4 Aug 2026
Ujjain,71,4 Aug 2026
Ulhasnagar,16,4 Aug 2026
Vadodara,71,4 Aug 2026
Vapi,44,4 Aug 2026
Varanasi,46,4 Aug 2026
Vatva,126,4 Aug 2026
Vijayapura,43,4 Aug 2026
Vijayawada,57,4 Aug 2026
Virar,35,4 Aug 2026
Visakhapatnam,87,4 Aug 2026
Vrindavan,50,4 Aug 2026
Yadgir,32,4 Aug 2026
अगरतला,72,3 Aug 2026
आगरा,70,3 Aug 2026
अहमदाबाद,75,3 Aug 2026
अहमदनगर,44,3 Aug 2026
आइजोल,17,3 Aug 2026
अजमेर,43,3 Aug 2026
अकोला,48,3 Aug 2026
अलवर,88,3 Aug 2026
अमरावती,58,3 Aug 2026
अंबाला,67,3 Aug 2026
अंबरनाथ,54,3 Aug 2026
अमरावती,42,3 Aug 2026
अमृतसर,75,3 Aug 2026
अनंतपुर,55,3 Aug 2026
अंगुल,59,3 Aug 2026
अंकलेश्वर,43,3 Aug 2026
अररिया,48,3 Aug 2026
आसनसोल,59,3 Aug 2026
Aurangabad (Maharashtra),66,3 Aug 2026
बड़ी,93,3 Aug 2026
Badlapur,35,3 Aug 2026
बागलकोट,51,3 Aug 2026
Bahadurgarh,59,3 Aug 2026
Balasore,57,3 Aug 2026
Ballabgarh,51,3 Aug 2026
बांसवाड़ा,66,3 Aug 2026
Baran,45,3 Aug 2026
Barbil,75,3 Aug 2026
बरेली,34,3 Aug 2026
Baripada,64,3 Aug 2026
बाड़मेर,56,3 Aug 2026
Barrackpore,65,3 Aug 2026
बठिंडा,85,3 Aug 2026
Beed,28,3 Aug 2026
Begusarai,63,3 Aug 2026
Belapur,46,3 Aug 2026
बेलगाम,68,3 Aug 2026
Bengaluru,51,3 Aug 2026
Bettiah,23,3 Aug 2026
भागलपुर,70,3 Aug 2026
भरतपुर,33,3 Aug 2026
भावनगर,59,3 Aug 2026
Bhilai,21,3 Aug 2026
भीलवाड़ा,55,3 Aug 2026
भिवाड़ी,60,3 Aug 2026
Bhiwandi,45,3 Aug 2026
भिवानी,21,3 Aug 2026
भोपाल,45,3 Aug 2026
भुवनेश्वर,47,3 Aug 2026
Bihar sharif,387,3 Aug 2026
बीकानेर,42,3 Aug 2026
बिलासपुर,53,3 Aug 2026
Bileipada,178,3 Aug 2026
Boisar,60,3 Aug 2026
Brajrajnagar,67,3 Aug 2026
Bulandshahr,51,3 Aug 2026
Bundi,44,3 Aug 2026
Byasanagar,58,3 Aug 2026
Byrnihat (Assam),86,3 Aug 2026
Byrnihat (Meghalaya),154,3 Aug 2026
Chamarajanagar,46,3 Aug 2026
Chandigarh,44,3 Aug 2026
Chandrapur,49,3 Aug 2026
Charkhi dadri,79,3 Aug 2026
Chennai,75,3 Aug 2026
Chhal,92,3 Aug 2026
Chhapra,90,3 Aug 2026
Chikkaballapur,40,3 Aug 2026
Chikkamagaluru,31,3 Aug 2026
Chittoor,62,3 Aug 2026
Chittorgarh,59,3 Aug 2026
Churu,56,3 Aug 2026
Coimbatore,25,3 Aug 2026
Cuttack,52,3 Aug 2026
Damoh,51,3 Aug 2026
Dausa,73,3 Aug 2026
Dehradun,44,3 Aug 2026
Delhi,76,3 Aug 2026
Dewas,61,3 Aug 2026
Dhanbad,103,3 Aug 2026
Dharuhera,69,3 Aug 2026
Dharwad,57,3 Aug 2026
Dholpur,52,3 Aug 2026
Dhule,46,3 Aug 2026
Dombivli,35,3 Aug 2026
Dungarpur,51,3 Aug 2026
Durgapur,77,3 Aug 2026
Eluru,65,3 Aug 2026
Faridabad,75,3 Aug 2026
Fatehabad,78,3 Aug 2026
Fatehpur sikri,29,3 Aug 2026
Firozabad,33,3 Aug 2026
Gandhinagar,65,3 Aug 2026
Gangtok,19,3 Aug 2026
Gaya,53,3 Aug 2026
Ghaziabad,78,3 Aug 2026
Greater noida,85,3 Aug 2026
Gummidipoondi,77,3 Aug 2026
Guntur,60,3 Aug 2026
Gurugram,130,3 Aug 2026
Guwahati,73,3 Aug 2026
Gwalior,53,3 Aug 2026
Hajipur,56,3 Aug 2026
Haldia,55,3 Aug 2026
Hanumangarh,42,3 Aug 2026
Hapur,50,3 Aug 2026
Hingoli,38,3 Aug 2026
Hisar,56,3 Aug 2026
Howrah,74,3 Aug 2026
Hubballi,52,3 Aug 2026
Hyderabad,49,3 Aug 2026
Indore,36,3 Aug 2026
Jabalpur,55,3 Aug 2026
Jaipur,48,3 Aug 2026
Jaisalmer,64,3 Aug 2026
Jalandhar,60,3 Aug 2026
Jalgaon,40,3 Aug 2026
Jalore,35,3 Aug 2026
Jhalawar,61,3 Aug 2026
Jhansi,63,3 Aug 2026
Jhunjhunu,88,3 Aug 2026
Jind,56,3 Aug 2026
Jodhpur,52,3 Aug 2026
Jorapokhar,120,3 Aug 2026
Kadapa,58,3 Aug 2026
Kaithal,54,3 Aug 2026
Kakinada,66,3 Aug 2026
Kalaburagi,32,3 Aug 2026
Kalyan,58,3 Aug 2026
Kannur,45,3 Aug 2026
Kanpur,43,3 Aug 2026
Karauli,44,3 Aug 2026
Karnal,69,3 Aug 2026
Karwar,59,3 Aug 2026
Katihar,65,3 Aug 2026
Katni,47,3 Aug 2026
Keonjhar,46,3 Aug 2026
Khanna,68,3 Aug 2026
Khora,99,3 Aug 2026
Khurja,47,3 Aug 2026
Kishanganj,44,3 Aug 2026
Kohima,55,3 Aug 2026
Kolhapur,32,3 Aug 2026
Kolkata,70,3 Aug 2026
Korba,46,3 Aug 2026
Kota,41,3 Aug 2026
Kunjemura,105,3 Aug 2026
Kurnool,28,3 Aug 2026
Kurukshetra,60,3 Aug 2026
Latur,36,3 Aug 2026
Lucknow,74,3 Aug 2026
Machilipatnam,84,3 Aug 2026
Madikeri,14,3 Aug 2026
Mahad,50,3 Aug 2026
Maihar,15,3 Aug 2026
Malegaon,50,3 Aug 2026
Mandideep,45,3 Aug 2026
Mandi gobindgarh,105,3 Aug 2026
Mandikhera,98,3 Aug 2026
Manesar,35,3 Aug 2026
Mangalore,57,3 Aug 2026
Manguraha,71,3 Aug 2026
Mathura,37,3 Aug 2026
Meerut,60,3 Aug 2026
Mehsana,81,3 Aug 2026
Milupara,58,3 Aug 2026
Mira-bhayandar,31,3 Aug 2026
Moradabad,47,3 Aug 2026
Mumbai,48,3 Aug 2026
Munger,59,3 Aug 2026
Muzaffarnagar,66,3 Aug 2026
Muzaffarpur,42,3 Aug 2026
Mysuru,52,3 Aug 2026
Nagaon,64,3 Aug 2026
Nagaur,33,3 Aug 2026
Nagpur,49,3 Aug 2026
Naharlagun,13,3 Aug 2026
Nalbari,33,3 Aug 2026
Nanded,31,3 Aug 2026
Nandesari,61,3 Aug 2026
Narnaul,74,3 Aug 2026
Nashik,33,3 Aug 2026
Navi mumbai,39,3 Aug 2026
Nellore,65,3 Aug 2026
Noida,74,3 Aug 2026
Palwal,51,3 Aug 2026
Pampore,54,3 Aug 2026
Panchkula,40,3 Aug 2026
Panipat,119,3 Aug 2026
Parbhani,31,3 Aug 2026
Patiala,44,3 Aug 2026
Patna,65,3 Aug 2026
Pimpri-chinchwad,45,3 Aug 2026
Pithampur,67,3 Aug 2026
Pratapgarh,45,3 Aug 2026
Prayagraj,23,3 Aug 2026
Puducherry,44,3 Aug 2026
Pune,50,3 Aug 2026
Purnia,57,3 Aug 2026
Raebareli,74,3 Aug 2026
Raipur,38,3 Aug 2026
Rairangpur,43,3 Aug 2026
Rajamahendravaram,51,3 Aug 2026
Rajkot,74,3 Aug 2026
Rajsamand,46,3 Aug 2026
Ramanagara,40,3 Aug 2026
Ratlam,35,3 Aug 2026
Rishikesh,37,3 Aug 2026
Rohtak,62,3 Aug 2026
Rourkela,63,3 Aug 2026
Sagar,35,3 Aug 2026
Saharsa,64,3 Aug 2026
Samastipur,99,3 Aug 2026
Sangli,40,3 Aug 2026
Satara,55,3 Aug 2026
Satna,70,3 Aug 2026
Sawai madhopur,43,3 Aug 2026
Shamli,66,3 Aug 2026
Shillong,26,3 Aug 2026
Sikar,80,3 Aug 2026
Silchar,55,3 Aug 2026
Siliguri,116,3 Aug 2026
Singrauli,43,3 Aug 2026
Sirohi,58,3 Aug 2026
Sirsa,85,3 Aug 2026
Siwan,105,3 Aug 2026
Solapur,53,3 Aug 2026
Sonipat,133,3 Aug 2026
Sri ganganagar,114,3 Aug 2026
Srinagar,44,3 Aug 2026
Surat,73,3 Aug 2026
Talcher,62,3 Aug 2026
Tensa,38,3 Aug 2026
Thane,40,3 Aug 2026
Thiruvananthapuram,34,3 Aug 2026
Thoothukudi,66,3 Aug 2026
Thrissur,40,3 Aug 2026
Tirumala,53,3 Aug 2026
Tirupati,62,3 Aug 2026
Tonk,57,3 Aug 2026
Tumidih,47,3 Aug 2026
Udaipur,60,3 Aug 2026
Ujjain,42,3 Aug 2026
Ulhasnagar,24,3 Aug 2026
Vadodara,70,3 Aug 2026
Vapi,45,3 Aug 2026
Varanasi,48,3 Aug 2026
Vatva,101,3 Aug 2026
Vijayapura,43,3 Aug 2026
Vijayawada,61,3 Aug 2026
Virar,31,3 Aug 2026
Visakhapatnam,132,3 Aug 2026
Vrindavan,50,3 Aug 2026
Yadgir,38,3 Aug 2026
Yamuna nagar,71,3 Aug 2026
अगरतला,72,2 Aug 2026
आगरा,65,2 Aug 2026
अहमदाबाद,70,2 Aug 2026
अहमदनगर,69,2 Aug 2026
आइजोल,20,2 Aug 2026
अकोला,43,2 Aug 2026
अलवर,89,2 Aug 2026
अमरावती,54,2 Aug 2026
अंबाला,62,2 Aug 2026
अंबरनाथ,74,2 Aug 2026
अमरावती,28,2 Aug 2026
अमृतसर,77,2 Aug 2026
अनंतपुर,49,2 Aug 2026
अंगुल,68,2 Aug 2026
अररिया,47,2 Aug 2026
आसनसोल,50,2 Aug 2026
Aurangabad (Maharashtra),43,2 Aug 2026
बड़ी,104,2 Aug 2026
Badlapur,30,2 Aug 2026
बागलकोट,51,2 Aug 2026
Baghpat,87,2 Aug 2026
Bahadurgarh,57,2 Aug 2026
Balasore,61,2 Aug 2026
Ballabgarh,47,2 Aug 2026
बांसवाड़ा,59,2 Aug 2026
Baran,53,2 Aug 2026
Barbil,73,2 Aug 2026
बरेली,49,2 Aug 2026
Baripada,62,2 Aug 2026
बाड़मेर,41,2 Aug 2026
Barrackpore,56,2 Aug 2026
बठिंडा,85,2 Aug 2026
Beed,33,2 Aug 2026
Begusarai,77,2 Aug 2026
Belapur,49,2 Aug 2026
बेलगाम,68,2 Aug 2026
Bengaluru,40,2 Aug 2026
Bettiah,32,2 Aug 2026
भागलपुर,111,2 Aug 2026
भरतपुर,35,2 Aug 2026
भावनगर,59,2 Aug 2026
Bhilai,21,2 Aug 2026
भीलवाड़ा,101,2 Aug 2026
भिवाड़ी,66,2 Aug 2026
Bhiwandi,45,2 Aug 2026
भिवानी,46,2 Aug 2026
भोपाल,30,2 Aug 2026
भुवनेश्वर,51,2 Aug 2026
Bihar sharif,278,2 Aug 2026
बीकानेर,102,2 Aug 2026
बिलासपुर,76,2 Aug 2026
Bileipada,196,2 Aug 2026
Boisar,42,2 Aug 2026
Brajrajnagar,71,2 Aug 2026
Bulandshahr,54,2 Aug 2026
Bundi,40,2 Aug 2026
Buxar,122,2 Aug 2026
Byasanagar,53,2 Aug 2026
Byrnihat (Assam),86,2 Aug 2026
Byrnihat (Meghalaya),113,2 Aug 2026
Chamarajanagar,35,2 Aug 2026
Chandigarh,44,2 Aug 2026
Chandrapur,39,2 Aug 2026
Charkhi dadri,72,2 Aug 2026
Chennai,61,2 Aug 2026
Chhal,70,2 Aug 2026
Chhapra,121,2 Aug 2026
Chikkamagaluru,29,2 Aug 2026
Chittoor,60,2 Aug 2026
Chittorgarh,34,2 Aug 2026
Churu,57,2 Aug 2026
Coimbatore,26,2 Aug 2026
Cuddalore,40,2 Aug 2026
Cuttack,54,2 Aug 2026
Damoh,48,2 Aug 2026
Dausa,32,2 Aug 2026
Dehradun,40,2 Aug 2026
Delhi,78,2 Aug 2026
Dewas,64,2 Aug 2026
Dhanbad,106,2 Aug 2026
Dharuhera,79,2 Aug 2026
Dharwad,59,2 Aug 2026
Dholpur,55,2 Aug 2026
Dhule,35,2 Aug 2026
Dombivli,34,2 Aug 2026
Dungarpur,30,2 Aug 2026
Durgapur,65,2 Aug 2026
Eluru,73,2 Aug 2026
Faridabad,74,2 Aug 2026
Fatehpur sikri,31,2 Aug 2026
Firozabad,38,2 Aug 2026
Gajraula,62,2 Aug 2026
Gandhinagar,39,2 Aug 2026
Gangtok,21,2 Aug 2026
Gaya,57,2 Aug 2026
Ghaziabad,73,2 Aug 2026
Gorakhpur,85,2 Aug 2026
Greater noida,88,2 Aug 2026
Gummidipoondi,90,2 Aug 2026
Guntur,59,2 Aug 2026
Gurugram,83,2 Aug 2026
Guwahati,44,2 Aug 2026
Gwalior,54,2 Aug 2026
Hajipur,53,2 Aug 2026
Haldia,46,2 Aug 2026
Hanumangarh,50,2 Aug 2026
Hapur,52,2 Aug 2026
Hingoli,39,2 Aug 2026
Hisar,65,2 Aug 2026
Howrah,66,2 Aug 2026
Hubballi,40,2 Aug 2026
Hyderabad,50,2 Aug 2026
Indore,34,2 Aug 2026
Jabalpur,55,2 Aug 2026
Jaipur,49,2 Aug 2026
Jaisalmer,70,2 Aug 2026
Jalandhar,60,2 Aug 2026
Jalgaon,36,2 Aug 2026
Jalore,46,2 Aug 2026
Jhalawar,78,2 Aug 2026
Jhansi,51,2 Aug 2026
Jhunjhunu,80,2 Aug 2026
Jind,65,2 Aug 2026
Jodhpur,63,2 Aug 2026
Jorapokhar,92,2 Aug 2026
Kaithal,58,2 Aug 2026
Kakinada,69,2 Aug 2026
Kalaburagi,38,2 Aug 2026
Kalyan,74,2 Aug 2026
Kannur,45,2 Aug 2026
Kanpur,46,2 Aug 2026
Karauli,42,2 Aug 2026
Karnal,62,2 Aug 2026
Karwar,86,2 Aug 2026
Katihar,68,2 Aug 2026
Katni,50,2 Aug 2026
Keonjhar,41,2 Aug 2026
Khanna,65,2 Aug 2026
Khora,104,2 Aug 2026
Khurja,58,2 Aug 2026
Kishanganj,44,2 Aug 2026
Kohima,56,2 Aug 2026
Kolhapur,37,2 Aug 2026
Kolkata,62,2 Aug 2026
Korba,43,2 Aug 2026
Kota,38,2 Aug 2026
Kunjemura,98,2 Aug 2026
Kurnool,31,2 Aug 2026
Kurukshetra,68,2 Aug 2026
Latur,42,2 Aug 2026
Lucknow,92,2 Aug 2026
Ludhiana,69,2 Aug 2026
Machilipatnam,68,2 Aug 2026
Madikeri,14,2 Aug 2026
Mahad,49,2 Aug 2026
Mandideep,28,2 Aug 2026
Mandi gobindgarh,109,2 Aug 2026
Mandikhera,99,2 Aug 2026
Manesar,47,2 Aug 2026
Mangalore,60,2 Aug 2026
Mathura,35,2 Aug 2026
Meerut,70,2 Aug 2026
Mehsana,67,2 Aug 2026
Mira-bhayandar,40,2 Aug 2026
Moradabad,52,2 Aug 2026
Mumbai,52,2 Aug 2026
Munger,71,2 Aug 2026
Muzaffarnagar,59,2 Aug 2026
Muzaffarpur,50,2 Aug 2026
Mysuru,118,2 Aug 2026
Nagaur,49,2 Aug 2026
Nagpur,35,2 Aug 2026
Naharlagun,34,2 Aug 2026
Nalbari,36,2 Aug 2026
Nanded,33,2 Aug 2026
Nandesari,120,2 Aug 2026
Narnaul,77,2 Aug 2026
Nashik,30,2 Aug 2026
Navi mumbai,43,2 Aug 2026
Nellore,60,2 Aug 2026
Noida,71,2 Aug 2026
Pali,62,2 Aug 2026
Palwal,53,2 Aug 2026
Pampore,30,2 Aug 2026
Panchgaon,22,2 Aug 2026
Panchkula,37,2 Aug 2026
Panipat,111,2 Aug 2026
Parbhani,23,2 Aug 2026
Patiala,40,2 Aug 2026
Patna,70,2 Aug 2026
Pimpri-chinchwad,53,2 Aug 2026
Pithampur,41,2 Aug 2026
Pratapgarh,38,2 Aug 2026
Prayagraj,42,2 Aug 2026
Puducherry,49,2 Aug 2026
Pune,50,2 Aug 2026
Purnia,57,2 Aug 2026
Raebareli,72,2 Aug 2026
Raipur,30,2 Aug 2026
Rairangpur,31,2 Aug 2026
Rajamahendravaram,96,2 Aug 2026
Rajkot,64,2 Aug 2026
Rajsamand,55,2 Aug 2026
Ramanagara,33,2 Aug 2026
Ratlam,35,2 Aug 2026
Rishikesh,37,2 Aug 2026
Rohtak,51,2 Aug 2026
Rourkela,42,2 Aug 2026
Rupnagar,100,2 Aug 2026
Sagar,35,2 Aug 2026
Saharsa,137,2 Aug 2026
Samastipur,82,2 Aug 2026
Sangli,41,2 Aug 2026
Satara,47,2 Aug 2026
Satna,70,2 Aug 2026
Sawai madhopur,36,2 Aug 2026
Shamli,86,2 Aug 2026
Shillong,24,2 Aug 2026
Sikar,44,2 Aug 2026
Silchar,57,2 Aug 2026
Siliguri,111,2 Aug 2026
Singrauli,74,2 Aug 2026
Sirohi,30,2 Aug 2026
Sirsa,86,2 Aug 2026
Siwan,105,2 Aug 2026
Solapur,51,2 Aug 2026
Sonipat,132,2 Aug 2026
Sri ganganagar,115,2 Aug 2026
Srinagar,37,2 Aug 2026
Surat,65,2 Aug 2026
Talcher,60,2 Aug 2026
Tensa,46,2 Aug 2026
Thane,49,2 Aug 2026
Thiruvananthapuram,34,2 Aug 2026
Thrissur,39,2 Aug 2026
Tirumala,41,2 Aug 2026
Tirupati,59,2 Aug 2026
Tonk,54,2 Aug 2026
Tumidih,75,2 Aug 2026
Udaipur,95,2 Aug 2026
Ujjain,40,2 Aug 2026
Ulhasnagar,34,2 Aug 2026
Vadodara,70,2 Aug 2026
Vapi,43,2 Aug 2026
Varanasi,58,2 Aug 2026
Vatva,87,2 Aug 2026
Vijayapura,43,2 Aug 2026
Vijayawada,59,2 Aug 2026
Virar,46,2 Aug 2026
Visakhapatnam,109,2 Aug 2026
Vrindavan,27,2 Aug 2026
Yadgir,51,2 Aug 2026
Yamuna nagar,74,2 Aug 2026
अगरतला,49,1 Aug 2026
आगरा,72,1 Aug 2026
अहमदाबाद,43,1 Aug 2026
अहमदनगर,47,1 Aug 2026
आइजोल,25,1 Aug 2026
अजमेर,68,1 Aug 2026
अकोला,32,1 Aug 2026
अलवर,99,1 Aug 2026
अमरावती,35,1 Aug 2026
अंबाला,69,1 Aug 2026
अंबरनाथ,87,1 Aug 2026
अमरावती,19,1 Aug 2026
अमृतसर,92,1 Aug 2026
अनंतपुर,58,1 Aug 2026
अंकलेश्वर,53,1 Aug 2026
अररिया,47,1 Aug 2026
आसनसोल,47,1 Aug 2026
Aurangabad (Maharashtra),41,1 Aug 2026
बड़ी,102,1 Aug 2026
Badlapur,25,1 Aug 2026
बागलकोट,51,1 Aug 2026
Baghpat,66,1 Aug 2026
Bahadurgarh,63,1 Aug 2026
Balasore,48,1 Aug 2026
Ballabgarh,51,1 Aug 2026
बांसवाड़ा,67,1 Aug 2026
Baran,51,1 Aug 2026
Barbil,36,1 Aug 2026
बरेली,111,1 Aug 2026
Baripada,54,1 Aug 2026
बाड़मेर,110,1 Aug 2026
Barrackpore,52,1 Aug 2026
बठिंडा,85,1 Aug 2026
Beed,38,1 Aug 2026
Begusarai,202,1 Aug 2026
Belapur,54,1 Aug 2026
Bengaluru,42,1 Aug 2026
Bettiah,40,1 Aug 2026
भागलपुर,36,1 Aug 2026
भरतपुर,38,1 Aug 2026
भावनगर,59,1 Aug 2026
Bhilai,26,1 Aug 2026
भीलवाड़ा,66,1 Aug 2026
भिवाड़ी,76,1 Aug 2026
Bhiwandi,46,1 Aug 2026
भिवानी,57,1 Aug 2026
भोपाल,25,1 Aug 2026
भुवनेश्वर,51,1 Aug 2026
बीकानेर,115,1 Aug 2026
बिलासपुर,31,1 Aug 2026
Bileipada,76,1 Aug 2026
Boisar,49,1 Aug 2026
Brajrajnagar,65,1 Aug 2026
Bulandshahr,60,1 Aug 2026
Bundi,34,1 Aug 2026
Buxar,250,1 Aug 2026
Byasanagar,48,1 Aug 2026
Byrnihat (Assam),101,1 Aug 2026
Byrnihat (Meghalaya),151,1 Aug 2026
Chamarajanagar,42,1 Aug 2026
Chandigarh,40,1 Aug 2026
Chandrapur,38,1 Aug 2026
Charkhi dadri,101,1 Aug 2026
Chennai,76,1 Aug 2026
Chhal,107,1 Aug 2026
Chhapra,91,1 Aug 2026
Chikkaballapur,34,1 Aug 2026
Chikkamagaluru,38,1 Aug 2026
Chittoor,61,1 Aug 2026
Churu,69,1 Aug 2026
Coimbatore,32,1 Aug 2026
Cuddalore,54,1 Aug 2026
Cuttack,60,1 Aug 2026
Damoh,50,1 Aug 2026
Dausa,60,1 Aug 2026
Dehradun,31,1 Aug 2026
Delhi,80,1 Aug 2026
Dewas,62,1 Aug 2026
Dhanbad,106,1 Aug 2026
Dharuhera,80,1 Aug 2026
Dharwad,65,1 Aug 2026
Dholpur,59,1 Aug 2026
Dhule,21,1 Aug 2026
Dombivli,34,1 Aug 2026
Dungarpur,42,1 Aug 2026
Durgapur,58,1 Aug 2026
Eluru,58,1 Aug 2026
Faridabad,73,1 Aug 2026
Fatehabad,76,1 Aug 2026
Fatehpur sikri,33,1 Aug 2026
Firozabad,45,1 Aug 2026
Gajraula,44,1 Aug 2026
Gandhinagar,43,1 Aug 2026
Gaya,53,1 Aug 2026
Ghaziabad,74,1 Aug 2026
Gorakhpur,67,1 Aug 2026
Greater noida,111,1 Aug 2026
Gummidipoondi,119,1 Aug 2026
Guntur,53,1 Aug 2026
Gurugram,100,1 Aug 2026
Guwahati,41,1 Aug 2026
Gwalior,52,1 Aug 2026
Hajipur,40,1 Aug 2026
Haldia,45,1 Aug 2026
Hanumangarh,43,1 Aug 2026
Hapur,83,1 Aug 2026
Hingoli,29,1 Aug 2026
Hisar,55,1 Aug 2026
Howrah,64,1 Aug 2026
Hubballi,42,1 Aug 2026
Hyderabad,45,1 Aug 2026
Indore,33,1 Aug 2026
Jabalpur,57,1 Aug 2026
Jaipur,62,1 Aug 2026
Jaisalmer,81,1 Aug 2026
Jalandhar,52,1 Aug 2026
Jalgaon,44,1 Aug 2026
Jalna,23,1 Aug 2026
Jalore,65,1 Aug 2026
Jhalawar,62,1 Aug 2026
Jhansi,55,1 Aug 2026
Jhunjhunu,94,1 Aug 2026
Jind,40,1 Aug 2026
Jodhpur,75,1 Aug 2026
Jorapokhar,62,1 Aug 2026
Kadapa,55,1 Aug 2026
Kaithal,49,1 Aug 2026
Kakinada,60,1 Aug 2026
Kalaburagi,32,1 Aug 2026
Kalyan,75,1 Aug 2026
Kannur,44,1 Aug 2026
Kanpur,49,1 Aug 2026
Karauli,39,1 Aug 2026
Karwar,48,1 Aug 2026
Katihar,70,1 Aug 2026
Katni,38,1 Aug 2026
Keonjhar,42,1 Aug 2026
Khanna,65,1 Aug 2026
Khora,102,1 Aug 2026
Khurja,50,1 Aug 2026
Kishanganj,43,1 Aug 2026
Kohima,52,1 Aug 2026
Kolhapur,31,1 Aug 2026
Kolkata,56,1 Aug 2026
Korba,29,1 Aug 2026
Kota,48,1 Aug 2026
Kunjemura,61,1 Aug 2026
Kurnool,31,1 Aug 2026
Kurukshetra,45,1 Aug 2026
Latur,27,1 Aug 2026
Lucknow,64,1 Aug 2026
Ludhiana,68,1 Aug 2026
Machilipatnam,83,1 Aug 2026
Mahad,54,1 Aug 2026
Mandideep,98,1 Aug 2026
Mandi gobindgarh,112,1 Aug 2026
Mandikhera,97,1 Aug 2026
Manesar,53,1 Aug 2026
Manguraha,73,1 Aug 2026
Mathura,61,1 Aug 2026
Meerut,61,1 Aug 2026
Mehsana,46,1 Aug 2026
Milupara,42,1 Aug 2026
Mira-bhayandar,45,1 Aug 2026
Modinagar,37,1 Aug 2026
Moradabad,47,1 Aug 2026
Mumbai,58,1 Aug 2026
Muzaffarnagar,50,1 Aug 2026
Muzaffarpur,44,1 Aug 2026
Mysuru,44,1 Aug 2026
Nagaur,69,1 Aug 2026
Nagpur,35,1 Aug 2026
Naharlagun,22,1 Aug 2026
Nalbari,30,1 Aug 2026
Nanded,24,1 Aug 2026
Nandesari,220,1 Aug 2026
Narnaul,98,1 Aug 2026
Nashik,34,1 Aug 2026
Navi mumbai,50,1 Aug 2026
Nellore,63,1 Aug 2026
Noida,72,1 Aug 2026
Pali,81,1 Aug 2026
Pampore,27,1 Aug 2026
Panchgaon,39,1 Aug 2026
Panchkula,40,1 Aug 2026
Panipat,106,1 Aug 2026
Parbhani,21,1 Aug 2026
Patiala,35,1 Aug 2026
Patna,52,1 Aug 2026
Pimpri-chinchwad,48,1 Aug 2026
Pithampur,41,1 Aug 2026
Pratapgarh,41,1 Aug 2026
Prayagraj,40,1 Aug 2026
Puducherry,50,1 Aug 2026
Pune,49,1 Aug 2026
Purnia,58,1 Aug 2026
Raipur,16,1 Aug 2026
Rairangpur,31,1 Aug 2026
Rajamahendravaram,40,1 Aug 2026
Rajkot,47,1 Aug 2026
Rajsamand,70,1 Aug 2026
Ramanagara,35,1 Aug 2026
Ratlam,35,1 Aug 2026
Rishikesh,37,1 Aug 2026
Rohtak,55,1 Aug 2026
Rourkela,37,1 Aug 2026
Sagar,50,1 Aug 2026
Saharsa,59,1 Aug 2026
Sangli,35,1 Aug 2026
Satna,70,1 Aug 2026
Sawai madhopur,49,1 Aug 2026
Shamli,91,1 Aug 2026
Shillong,24,1 Aug 2026
Sikar,53,1 Aug 2026
Silchar,55,1 Aug 2026
Siliguri,119,1 Aug 2026
Singrauli,34,1 Aug 2026
Sirohi,54,1 Aug 2026
Sirsa,77,1 Aug 2026
Siwan,105,1 Aug 2026
Solapur,50,1 Aug 2026
Sonipat,133,1 Aug 2026
Sri ganganagar,71,1 Aug 2026
Srinagar,39,1 Aug 2026
Surat,41,1 Aug 2026
Talcher,48,1 Aug 2026
Tensa,49,1 Aug 2026
Thane,52,1 Aug 2026
Thiruvananthapuram,40,1 Aug 2026
Thoothukudi,65,1 Aug 2026
Thrissur,48,1 Aug 2026
Tirumala,44,1 Aug 2026
Tirupati,60,1 Aug 2026
Tonk,72,1 Aug 2026
Tumakuru,61,1 Aug 2026
Tumidih,77,1 Aug 2026
Ujjain,43,1 Aug 2026
Ulhasnagar,39,1 Aug 2026
Vadodara,70,1 Aug 2026
Vapi,31,1 Aug 2026
Varanasi,54,1 Aug 2026
Vatva,78,1 Aug 2026
Vijayapura,43,1 Aug 2026
Vijayawada,53,1 Aug 2026
Virar,49,1 Aug 2026
Visakhapatnam,104,1 Aug 2026
Vrindavan,30,1 Aug 2026
Yadgir,48,1 Aug 2026
Yamuna nagar,75,1 Aug 2026
अगरतला,79,9 Aug 2026
आगरा,80,9 Aug 2026
अहमदाबाद,93,9 Aug 2026
अहमदनगर,47,9 Aug 2026
आइजोल,14,9 Aug 2026
अकोला,45,9 Aug 2026
अलवर,79,9 Aug 2026
अमरावती,76,9 Aug 2026
अंबाला,108,9 Aug 2026
अंबरनाथ,90,9 Aug 2026
अमरावती,66,9 Aug 2026
अमृतसर,58,9 Aug 2026
अनंतपुर,67,9 Aug 2026
अंगुल,76,9 Aug 2026
अंकलेश्वर,70,9 Aug 2026
अररिया,40,9 Aug 2026
आरा,55,9 Aug 2026
आसनसोल,53,9 Aug 2026
Aurangabad (Maharashtra),53,9 Aug 2026
बड़ी,106,9 Aug 2026
Badlapur,23,9 Aug 2026
Baghpat,79,9 Aug 2026
Bahadurgarh,59,9 Aug 2026
Balasore,45,9 Aug 2026
Ballabgarh,82,9 Aug 2026
बांसवाड़ा,64,9 Aug 2026
Baran,54,9 Aug 2026
Barbil,38,9 Aug 2026
बरेली,46,9 Aug 2026
बाड़मेर,81,9 Aug 2026
Barrackpore,39,9 Aug 2026
बठिंडा,29,9 Aug 2026
Beed,46,9 Aug 2026
Begusarai,68,9 Aug 2026
Belapur,18,9 Aug 2026
बेलगाम,41,9 Aug 2026
Bengaluru,53,9 Aug 2026
Bettiah,26,9 Aug 2026
भागलपुर,89,9 Aug 2026
भरतपुर,42,9 Aug 2026
भावनगर,64,9 Aug 2026
Bhilai,20,9 Aug 2026
भीलवाड़ा,95,9 Aug 2026
भिवाड़ी,86,9 Aug 2026
Bhiwandi,44,9 Aug 2026
भिवानी,52,9 Aug 2026
भोपाल,80,9 Aug 2026
भुवनेश्वर,36,9 Aug 2026
बीकानेर,65,9 Aug 2026
बिलासपुर,22,9 Aug 2026
Boisar,55,9 Aug 2026
Brajrajnagar,47,9 Aug 2026
Bulandshahr,61,9 Aug 2026
Bundi,61,9 Aug 2026
Byasanagar,39,9 Aug 2026
Byrnihat (Assam),90,9 Aug 2026
Byrnihat (Meghalaya),89,9 Aug 2026
Chamarajanagar,45,9 Aug 2026
Chandigarh,35,9 Aug 2026
Chandrapur,57,9 Aug 2026
Charkhi dadri,167,9 Aug 2026
Chennai,70,9 Aug 2026
Chikkaballapur,23,9 Aug 2026
Chikkamagaluru,36,9 Aug 2026
Chittoor,59,9 Aug 2026
Chittorgarh,72,9 Aug 2026
Churu,55,9 Aug 2026
Coimbatore,26,9 Aug 2026
Cuttack,46,9 Aug 2026
Damoh,50,9 Aug 2026
Dausa,61,9 Aug 2026
Delhi,87,9 Aug 2026
Dewas,84,9 Aug 2026
Dharuhera,81,9 Aug 2026
Dharwad,63,9 Aug 2026
Dholpur,29,9 Aug 2026
Dhule,55,9 Aug 2026
Dombivli,35,9 Aug 2026
Dungarpur,114,9 Aug 2026
Durgapur,59,9 Aug 2026
Eluru,61,9 Aug 2026
Faridabad,98,9 Aug 2026
Fatehabad,52,9 Aug 2026
Fatehpur sikri,29,9 Aug 2026
Firozabad,35,9 Aug 2026
Gadag,82,9 Aug 2026
Gajraula,50,9 Aug 2026
Gandhinagar,96,9 Aug 2026
Gaya,39,9 Aug 2026
Ghaziabad,82,9 Aug 2026
Greater noida,133,9 Aug 2026
Gummidipoondi,120,9 Aug 2026
Guntur,86,9 Aug 2026
Gurugram,117,9 Aug 2026
Guwahati,38,9 Aug 2026
Gwalior,80,9 Aug 2026
Hajipur,43,9 Aug 2026
Haldia,28,9 Aug 2026
Hanumangarh,53,9 Aug 2026
Hingoli,336,9 Aug 2026
Hisar,34,9 Aug 2026
Howrah,47,9 Aug 2026
Hubballi,55,9 Aug 2026
Hyderabad,50,9 Aug 2026
Indore,64,9 Aug 2026
Jabalpur,50,9 Aug 2026
Jaipur,54,9 Aug 2026
Jaisalmer,114,9 Aug 2026
Jalandhar,59,9 Aug 2026
Jalgaon,50,9 Aug 2026
Jalna,58,9 Aug 2026
Jalore,89,9 Aug 2026
Jhalawar,72,9 Aug 2026
Jhansi,71,9 Aug 2026
Jhunjhunu,101,9 Aug 2026
Jind,39,9 Aug 2026
Jodhpur,80,9 Aug 2026
Jorapokhar,77,9 Aug 2026
Kadapa,70,9 Aug 2026
Kaithal,50,9 Aug 2026
Kalaburagi,31,9 Aug 2026
Kalyan,50,9 Aug 2026
Kannur,53,9 Aug 2026
Kanpur,65,9 Aug 2026
Karauli,36,9 Aug 2026
Karnal,51,9 Aug 2026
Karwar,57,9 Aug 2026
Khairthal,75,9 Aug 2026
Khanna,65,9 Aug 2026
Khora,106,9 Aug 2026
Khurja,81,9 Aug 2026
Kishanganj,42,9 Aug 2026
Kohima,50,9 Aug 2026
Kolhapur,36,9 Aug 2026
Kolkata,57,9 Aug 2026
Korba,31,9 Aug 2026
Kota,77,9 Aug 2026
Kunjemura,22,9 Aug 2026
Kurukshetra,47,9 Aug 2026
Latur,71,9 Aug 2026
Lucknow,61,9 Aug 2026
Ludhiana,74,9 Aug 2026
Machilipatnam,59,9 Aug 2026
Madikeri,17,9 Aug 2026
Mahad,56,9 Aug 2026
Maihar,34,9 Aug 2026
Malegaon,55,9 Aug 2026
Mandideep,83,9 Aug 2026
Mandi gobindgarh,119,9 Aug 2026
Mandikhera,98,9 Aug 2026
Manesar,54,9 Aug 2026
Mangalore,37,9 Aug 2026
Manguraha,70,9 Aug 2026
Mathura,63,9 Aug 2026
Meerut,74,9 Aug 2026
Mehsana,71,9 Aug 2026
Milupara,37,9 Aug 2026
Mira-bhayandar,34,9 Aug 2026
Modinagar,24,9 Aug 2026
Moradabad,49,9 Aug 2026
Mumbai,45,9 Aug 2026
Muzaffarnagar,63,9 Aug 2026
Muzaffarpur,43,9 Aug 2026
Mysuru,57,9 Aug 2026
Nagaur,59,9 Aug 2026
Nagpur,56,9 Aug 2026
Naharlagun,32,9 Aug 2026
Nanded,51,9 Aug 2026
Nandesari,61,9 Aug 2026
Narnaul,67,9 Aug 2026
Nashik,37,9 Aug 2026
Navi mumbai,44,9 Aug 2026
Nellore,56,9 Aug 2026
Noida,83,9 Aug 2026
Pali,149,9 Aug 2026
Palwal,103,9 Aug 2026
Pampore,27,9 Aug 2026
Panchgaon,79,9 Aug 2026
Panchkula,36,9 Aug 2026
Panipat,94,9 Aug 2026
Parbhani,30,9 Aug 2026
Patiala,38,9 Aug 2026
Patna,65,9 Aug 2026
Pimpri-chinchwad,59,9 Aug 2026
Pithampur,132,9 Aug 2026
Pratapgarh,86,9 Aug 2026
Prayagraj,44,9 Aug 2026
Puducherry,42,9 Aug 2026
Pune,61,9 Aug 2026
Purnia,55,9 Aug 2026
Raebareli,74,9 Aug 2026
Raipur,21,9 Aug 2026
Rairangpur,23,9 Aug 2026
Rajamahendravaram,56,9 Aug 2026
Rajkot,76,9 Aug 2026
Rajsamand,93,9 Aug 2026
Ramanagara,44,9 Aug 2026
Ratlam,51,9 Aug 2026
Rishikesh,37,9 Aug 2026
Rohtak,43,9 Aug 2026
Rourkela,43,9 Aug 2026
Sagar,40,9 Aug 2026
Saharsa,88,9 Aug 2026
Samastipur,39,9 Aug 2026
Sangli,52,9 Aug 2026
Satara,63,9 Aug 2026
Satna,70,9 Aug 2026
Sawai madhopur,60,9 Aug 2026
Shamli,57,9 Aug 2026
Shillong,35,9 Aug 2026
Shivamogga,53,9 Aug 2026
Sikar,46,9 Aug 2026
Silchar,53,9 Aug 2026
Siliguri,119,9 Aug 2026
Singrauli,71,9 Aug 2026
Sirohi,76,9 Aug 2026
Sirsa,88,9 Aug 2026
Siwan,104,9 Aug 2026
Solapur,45,9 Aug 2026
Sonipat,90,9 Aug 2026
Sri ganganagar,86,9 Aug 2026
Srinagar,30,9 Aug 2026
Surat,57,9 Aug 2026
Tensa,78,9 Aug 2026
Thane,48,9 Aug 2026
Thiruvananthapuram,43,9 Aug 2026
Thoothukudi,67,9 Aug 2026
Thrissur,42,9 Aug 2026
Tirumala,40,9 Aug 2026
Tirupati,55,9 Aug 2026
Tonk,88,9 Aug 2026
Tumidih,40,9 Aug 2026
Udaipur,101,9 Aug 2026
Ujjain,88,9 Aug 2026
Ulhasnagar,52,9 Aug 2026
Vadodara,79,9 Aug 2026
Vapi,48,9 Aug 2026
Varanasi,56,9 Aug 2026
Vatva,111,9 Aug 2026
Vijayawada,69,9 Aug 2026
Visakhapatnam,87,9 Aug 2026
Vrindavan,49,9 Aug 2026
Yadgir,50,9 Aug 2026
Yamuna nagar,83,9 Aug 2026
