date,tmin,tmax,tmean,precip
2025-01-01,17.6,30.2,23.9,0.0
2025-01-02,20.3,33.9,27.1,0.0
2025-01-03,20.3,32.0,26.1,0.0
2025-01-04,20.1,31.5,25.8,0.0
2025-01-05,21.0,35.4,28.2,0.0
2025-01-06,22.2,35.7,28.9,0.0
2025-01-07,19.4,32.5,25.9,0.0
2025-01-08,18.4,30.0,24.2,0.0
2025-01-09,15.4,27.6,21.5,0.0
2025-01-10,17.0,30.2,23.6,0.0
2025-01-11,19.9,32.7,26.3,0.0
2025-01-12,19.8,31.7,25.8,0.0
2025-01-13,19.7,31.2,25.5,0.0
2025-01-14,20.3,32.0,26.2,0.0
2025-01-15,20.2,31.8,26.0,0.0
2025-01-16,19.7,32.7,26.2,0.0
2025-01-17,20.0,31.6,25.8,0.0
2025-01-18,17.5,28.8,23.2,0.0
2025-01-19,19.7,31.9,25.8,0.0
2025-01-20,21.4,32.6,27.0,0.0
2025-01-21,21.7,32.2,26.9,2.6
2025-01-22,22.8,32.1,27.5,0.0
2025-01-23,21.9,33.0,27.4,0.0
2025-01-24,18.4,29.8,24.1,0.0
2025-01-25,19.5,29.8,24.6,0.0
2025-01-26,19.7,30.2,24.9,0.0
2025-01-27,20.2,32.6,26.4,0.0
2025-01-28,20.2,32.7,26.5,0.0
2025-01-29,19.8,30.9,25.4,0.0
2025-01-30,17.4,29.1,23.2,0.0
2025-01-31,18.5,30.1,24.3,0.0
2025-02-01,18.8,30.9,24.9,0.0
2025-02-02,20.0,32.7,26.4,0.0
2025-02-03,22.6,35.3,28.9,0.0
2025-02-04,22.7,35.5,29.1,0.0
2025-02-05,23.8,35.9,29.8,0.0
2025-02-06,22.7,35.5,29.1,0.0
2025-02-07,19.6,31.9,25.8,0.0
2025-02-08,18.8,30.9,24.8,0.0
2025-02-09,16.6,28.4,22.5,0.0
2025-02-10,20.7,31.5,26.1,0.0
2025-02-11,21.2,32.2,26.7,0.0
2025-02-12,19.4,31.2,25.3,0.0
2025-02-13,18.5,31.0,24.7,0.0
2025-02-14,18.7,30.0,24.3,0.0
2025-02-15,19.0,31.5,25.2,0.0
2025-02-16,20.5,34.0,27.2,0.0
2025-02-17,22.4,34.6,28.5,0.0
2025-02-18,20.9,33.5,27.2,0.0
2025-02-19,21.4,34.5,28.0,1.3
2025-02-20,21.4,33.3,27.4,0.0
2025-02-21,21.9,33.3,27.6,0.0
2025-02-22,21.3,32.2,26.7,0.0
2025-02-23,21.2,29.2,25.2,0.0
2025-02-24,19.5,29.8,24.7,0.0
2025-02-25,19.4,30.6,25.0,0.0
2025-02-26,18.9,30.9,24.9,0.0
2025-02-27,17.6,29.6,23.6,0.0
2025-02-28,17.4,29.7,23.6,0.0
2025-03-01,16.9,31.1,24.0,0.0
2025-03-02,20.3,34.3,27.3,0.0
2025-03-03,20.7,35.1,27.9,0.0
2025-03-04,22.2,35.1,28.6,0.0
2025-03-05,23.2,34.6,28.9,0.0
2025-03-06,23.9,32.9,28.4,0.0
2025-03-07,25.0,33.4,29.2,0.0
2025-03-08,25.6,34.6,30.1,0.0
2025-03-09,23.3,32.5,27.9,0.0
2025-03-10,21.9,31.7,26.8,0.0
2025-03-11,21.1,32.8,27.0,0.0
2025-03-12,22.2,35.1,28.6,0.0
2025-03-13,22.5,34.2,28.4,0.0
2025-03-14,23.5,34.8,29.1,1.0
2025-03-15,22.9,33.1,28.0,0.0
2025-03-16,22.7,33.3,28.0,0.0
2025-03-17,26.9,37.5,32.2,0.0
2025-03-18,22.9,34.3,28.6,0.0
2025-03-19,22.9,33.3,28.1,0.0
2025-03-20,23.1,30.9,27.0,0.0
2025-03-21,24.1,32.7,28.4,0.0
2025-03-22,24.3,35.6,29.9,0.0
2025-03-23,23.4,32.9,28.2,0.0
2025-03-24,23.5,34.0,28.8,0.0
2025-03-25,23.5,32.6,28.1,0.0
2025-03-26,26.2,32.2,29.2,0.0
2025-03-27,25.6,33.1,29.3,0.0
2025-03-28,21.5,29.6,25.6,0.0
2025-03-29,21.4,29.7,25.6,0.0
2025-03-30,20.4,29.3,24.8,0.0
2025-03-31,21.1,28.5,24.8,0.0
2025-04-01,19.8,27.0,23.4,0.0
2025-04-02,22.4,29.9,26.2,1.6
2025-04-03,23.2,31.6,27.4,0.0
2025-04-04,24.0,34.1,29.0,0.0
2025-04-05,24.7,33.0,28.9,0.0
2025-04-06,28.8,36.5,32.6,0.0
2025-04-07,28.0,35.5,31.8,0.0
2025-04-08,26.1,31.9,29.0,0.0
2025-04-09,25.4,32.1,28.8,0.0
2025-04-10,25.2,31.3,28.3,0.0
2025-04-11,22.0,28.4,25.2,0.0
2025-04-12,21.9,27.7,24.8,0.0
2025-04-13,23.8,30.4,27.1,0.0
2025-04-14,24.4,31.2,27.8,0.0
2025-04-15,23.8,31.5,27.6,0.0
2025-04-16,25.7,32.9,29.3,0.0
2025-04-17,28.3,35.8,32.1,0.0
2025-04-18,27.6,35.5,31.5,0.0
2025-04-19,26.8,34.6,30.7,0.0
2025-04-20,25.8,34.6,30.2,0.0
2025-04-21,25.4,35.0,30.2,0.0
2025-04-22,27.5,36.7,32.1,0.0
2025-04-23,28.1,37.1,32.6,0.0
2025-04-24,26.7,35.0,30.9,0.0
2025-04-25,26.6,33.6,30.1,0.0
2025-04-26,29.3,35.5,32.4,0.0
2025-04-27,29.4,37.5,33.4,0.0
2025-04-28,29.7,35.4,32.6,0.0
2025-04-29,29.7,33.9,31.8,0.0
2025-04-30,27.7,32.8,30.3,0.0
2025-05-01,27.1,32.2,29.7,0.0
2025-05-02,28.6,32.6,30.6,0.0
2025-05-03,26.8,31.5,29.1,0.0
2025-05-04,26.9,30.9,28.9,0.0
2025-05-05,29.2,33.0,31.1,0.0
2025-05-06,26.8,30.6,28.7,0.0
2025-05-07,28.8,33.6,31.2,0.0
2025-05-08,29.7,33.1,31.4,2.2
2025-05-09,31.0,34.9,32.9,0.0
2025-05-10,30.2,34.9,32.6,0.0
2025-05-11,28.1,31.0,29.6,0.0
2025-05-12,26.6,31.4,29.0,0.0
2025-05-13,27.2,32.2,29.7,0.0
2025-05-14,26.6,31.4,29.0,0.0
2025-05-15,26.4,32.5,29.5,0.0
2025-05-16,29.3,35.9,32.6,0.0
2025-05-17,29.6,35.1,32.4,0.0
2025-05-18,27.1,32.1,29.6,0.0
2025-05-19,24.9,30.2,27.6,0.0
2025-05-20,26.6,31.1,28.9,0.0
2025-05-21,26.8,29.9,28.3,6.2
2025-05-22,26.9,30.4,28.7,0.0
2025-05-23,27.5,31.4,29.4,0.0
2025-05-24,28.6,32.6,30.6,0.0
2025-05-25,29.8,34.8,32.3,0.0
2025-05-26,29.2,35.5,32.4,0.0
2025-05-27,27.4,34.4,30.9,0.0
2025-05-28,27.5,32.1,29.8,0.0
2025-05-29,28.1,33.8,31.0,0.0
2025-05-30,24.4,30.0,27.2,0.0
2025-05-31,25.9,31.7,28.8,0.0
2025-06-01,23.8,26.6,25.2,40.3
2025-06-02,22.4,26.7,24.6,12.1
2025-06-03,25.9,31.2,28.6,0.0
2025-06-04,25.5,29.5,27.5,15.6
2025-06-05,24.8,29.1,26.9,8.4
2025-06-06,26.5,31.2,28.9,8.1
2025-06-07,30.8,35.0,32.9,8.8
2025-06-08,26.8,32.3,29.6,8.8
2025-06-09,27.4,31.0,29.2,22.2
2025-06-10,28.6,32.3,30.5,31.0
2025-06-11,27.6,31.9,29.7,27.9
2025-06-12,26.3,29.4,27.9,18.5
2025-06-13,26.0,29.4,27.7,22.9
2025-06-14,24.8,28.9,26.9,24.0
2025-06-15,26.6,30.2,28.4,11.8
2025-06-16,28.0,35.0,31.5,4.9
2025-06-17,27.2,30.8,29.0,14.2
2025-06-18,27.2,29.7,28.4,13.0
2025-06-19,26.3,29.1,27.7,40.2
2025-06-20,25.4,28.3,26.9,74.2
2025-06-21,27.2,32.2,29.7,4.2
2025-06-22,28.7,32.1,30.4,17.5
2025-06-23,27.8,30.7,29.3,28.5
2025-06-24,24.8,29.0,26.9,26.0
2025-06-25,27.6,33.3,30.4,7.0
2025-06-26,28.1,30.9,29.5,17.6
2025-06-27,29.6,34.2,31.9,2.6
2025-06-28,27.8,31.3,29.6,23.8
2025-06-29,26.1,29.1,27.6,18.1
2025-06-30,27.5,30.3,28.9,0.0
2025-07-01,26.2,28.9,27.5,8.9
2025-07-02,26.5,29.9,28.2,15.5
2025-07-03,25.5,28.0,26.8,52.4
2025-07-04,26.9,30.0,28.4,29.9
2025-07-05,27.5,30.7,29.1,25.8
2025-07-06,24.1,27.0,25.6,24.1
2025-07-07,23.9,26.5,25.2,20.1
2025-07-08,23.4,26.3,24.8,18.6
2025-07-09,23.3,27.5,25.4,21.8
2025-07-10,23.7,26.5,25.1,13.2
2025-07-11,23.9,27.1,25.5,76.9
2025-07-12,25.5,30.1,27.8,8.9
2025-07-13,26.7,31.2,29.0,7.2
2025-07-14,27.5,30.5,29.0,13.6
2025-07-15,25.2,29.0,27.1,14.5
2025-07-16,23.7,26.5,25.1,54.7
2025-07-17,25.2,30.9,28.0,0.0
2025-07-18,24.7,30.5,27.6,2.5
2025-07-19,25.3,27.8,26.5,54.9
2025-07-20,26.5,29.8,28.1,22.8
2025-07-21,26.1,29.7,27.9,6.4
2025-07-22,26.4,29.5,28.0,51.0
2025-07-23,24.4,27.4,25.9,44.1
2025-07-24,26.1,28.7,27.4,15.6
2025-07-25,27.1,30.2,28.6,9.9
2025-07-26,25.3,28.6,27.0,31.0
2025-07-27,26.6,30.3,28.4,4.5
2025-07-28,23.6,27.1,25.3,10.4
2025-07-29,26.8,29.8,28.3,0.0
2025-07-30,28.2,31.6,29.9,16.9
2025-07-31,26.0,29.0,27.5,79.4
2025-08-01,26.8,30.0,28.4,0.0
2025-08-02,27.7,33.5,30.6,2.9
2025-08-03,28.7,34.9,31.8,3.4
2025-08-04,27.5,30.9,29.2,42.5
2025-08-05,28.9,33.4,31.2,0.0
2025-08-06,28.8,33.0,30.9,0.0
2025-08-07,27.2,30.0,28.6,10.2
2025-08-08,26.9,30.1,28.5,6.3
2025-08-09,25.5,28.0,26.8,0.0
2025-08-10,25.8,28.5,27.2,0.0
2025-08-11,23.9,29.6,26.8,0.0
2025-08-12,24.7,30.4,27.6,0.0
2025-08-13,25.3,30.0,27.7,2.3
2025-08-14,21.6,25.2,23.4,0.0
2025-08-15,22.4,27.0,24.7,0.0
2025-08-16,23.8,26.8,25.3,13.5
2025-08-17,24.0,26.9,25.4,51.7
2025-08-18,24.3,27.0,25.6,13.9
2025-08-19,26.9,29.7,28.3,0.0
2025-08-20,26.7,29.4,28.0,10.0
2025-08-21,25.0,28.3,26.6,9.8
2025-08-22,23.1,26.2,24.7,11.5
2025-08-23,23.9,26.8,25.3,7.6
2025-08-24,25.8,29.7,27.8,4.4
2025-08-25,26.1,30.0,28.1,2.7
2025-08-26,24.6,27.8,26.2,40.7
2025-08-27,24.8,28.9,26.8,14.6
2025-08-28,23.9,29.8,26.9,13.5
2025-08-29,26.0,33.0,29.5,2.9
2025-08-30,23.9,27.1,25.5,12.4
2025-08-31,21.7,26.8,24.3,0.0
2025-09-01,24.3,29.9,27.1,4.5
2025-09-02,24.6,28.5,26.5,12.3
2025-09-03,26.3,29.2,27.7,45.1
2025-09-04,26.4,31.2,28.8,0.0
2025-09-05,23.3,27.9,25.6,9.3
2025-09-06,23.3,27.7,25.5,18.2
2025-09-07,24.3,29.6,26.9,7.3
2025-09-08,25.1,32.5,28.8,2.2
2025-09-09,23.3,28.6,26.0,9.6
2025-09-10,22.4,28.3,25.3,19.9
2025-09-11,26.1,29.3,27.7,8.9
2025-09-12,25.3,30.6,28.0,3.9
2025-09-13,25.6,31.4,28.5,2.5
2025-09-14,22.6,29.6,26.1,3.8
2025-09-15,21.1,25.9,23.5,8.8
2025-09-16,20.0,25.8,22.9,13.3
2025-09-17,20.5,28.8,24.6,3.8
2025-09-18,22.9,29.3,26.1,16.9
2025-09-19,23.6,30.0,26.8,21.0
2025-09-20,22.8,29.5,26.1,6.3
2025-09-21,24.2,30.0,27.1,0.0
2025-09-22,23.9,29.4,26.7,0.0
2025-09-23,23.0,26.4,24.7,19.8
2025-09-24,21.9,27.5,24.7,10.5
2025-09-25,22.9,28.4,25.7,6.3
2025-09-26,23.3,26.8,25.0,55.9
2025-09-27,22.8,27.9,25.3,12.6
2025-09-28,21.2,30.2,25.7,0.0
2025-09-29,23.7,30.8,27.2,16.6
2025-09-30,23.6,27.6,25.6,20.7
2025-10-01,22.9,31.3,27.1,0.0
2025-10-02,21.8,28.9,25.3,0.0
2025-10-03,23.0,30.4,26.7,0.0
2025-10-04,23.8,31.1,27.5,0.0
2025-10-05,24.0,30.6,27.3,0.0
2025-10-06,25.0,30.7,27.8,0.0
2025-10-07,26.9,33.1,30.0,0.0
2025-10-08,26.6,34.9,30.7,0.0
2025-10-09,28.8,37.4,33.1,0.0
2025-10-10,26.1,36.4,31.2,0.0
2025-10-11,25.9,36.1,31.0,0.0
2025-10-12,26.7,35.4,31.0,0.0
2025-10-13,26.8,34.2,30.5,0.0
2025-10-14,24.5,32.7,28.6,0.0
2025-10-15,24.7,34.2,29.4,0.0
2025-10-16,24.0,32.3,28.1,1.5
2025-10-17,23.3,31.7,27.5,0.0
2025-10-18,22.8,31.8,27.3,0.0
2025-10-19,24.5,34.2,29.4,0.0
2025-10-20,23.8,31.4,27.6,35.8
2025-10-21,27.8,37.4,32.6,0.0
2025-10-22,26.7,36.7,31.7,0.0
2025-10-23,23.0,33.1,28.1,0.0
2025-10-24,22.9,33.9,28.4,0.0
2025-10-25,24.2,32.7,28.4,0.0
2025-10-26,24.4,32.6,28.5,0.0
2025-10-27,22.9,31.1,27.0,16.2
2025-10-28,23.0,33.6,28.3,0.0
2025-10-29,21.7,31.2,26.4,7.5
2025-10-30,22.2,33.3,27.8,0.0
2025-10-31,23.3,33.5,28.4,0.0
2025-11-01,23.9,34.5,29.2,0.0
2025-11-02,23.1,34.8,29.0,0.0
2025-11-03,22.8,33.5,28.2,0.0
2025-11-04,21.9,31.6,26.7,5.8
2025-11-05,25.0,35.7,30.4,0.0
2025-11-06,24.0,35.7,29.8,0.0
2025-11-07,21.1,33.8,27.5,0.0
2025-11-08,21.5,33.6,27.5,0.0
2025-11-09,20.2,30.5,25.4,0.0
2025-11-10,20.7,31.8,26.3,0.0
2025-11-11,20.3,31.3,25.8,0.0
2025-11-12,19.4,29.3,24.4,0.0
2025-11-13,20.1,30.4,25.2,0.0
2025-11-14,19.7,29.2,24.5,0.0
2025-11-15,20.0,30.4,25.2,0.0
2025-11-16,20.2,31.2,25.7,0.0
2025-11-17,21.1,32.1,26.6,0.0
2025-11-18,21.9,30.6,26.3,0.0
2025-11-19,23.3,31.4,27.4,0.0
2025-11-20,21.4,31.5,26.5,0.0
2025-11-21,21.2,31.5,26.3,0.0
2025-11-22,22.6,33.6,28.1,0.0
2025-11-23,20.9,32.1,26.5,0.0
2025-11-24,22.2,31.9,27.1,0.0
2025-11-25,22.4,33.9,28.1,0.0
2025-11-26,21.6,32.2,26.9,0.0
2025-11-27,19.8,33.8,26.8,0.0
2025-11-28,20.0,31.8,25.9,0.0
2025-11-29,22.2,34.3,28.3,0.0
2025-11-30,22.6,32.3,27.5,13.2
2025-12-01,24.5,36.0,30.3,0.0
2025-12-02,24.5,34.6,29.6,0.0
2025-12-03,21.9,33.5,27.7,0.0
2025-12-04,22.9,34.2,28.5,0.0
2025-12-05,22.3,34.2,28.3,0.0
2025-12-06,22.9,35.5,29.2,0.0
2025-12-07,20.2,33.7,26.9,0.0
2025-12-08,20.5,33.4,27.0,0.0
2025-12-09,21.4,35.3,28.3,0.0
2025-12-10,19.5,33.2,26.3,0.0
2025-12-11,21.9,34.1,28.0,0.0
2025-12-12,21.6,34.5,28.1,0.0
2025-12-13,21.4,34.4,27.9,0.0
2025-12-14,22.1,35.0,28.5,0.0
2025-12-15,22.2,32.9,27.6,0.0
2025-12-16,22.1,32.6,27.4,0.0
2025-12-17,21.7,32.7,27.2,0.0
2025-12-18,22.2,33.3,27.7,0.0
2025-12-19,20.4,31.0,25.7,0.0
2025-12-20,21.6,33.7,27.6,0.0
2025-12-21,20.8,30.8,25.8,0.0
2025-12-22,19.3,28.8,24.1,0.0
2025-12-23,18.4,28.1,23.2,0.0
2025-12-24,18.7,30.7,24.7,0.0
2025-12-25,18.7,30.6,24.6,0.0
2025-12-26,19.8,31.5,25.6,0.0
2025-12-27,19.1,31.4,25.2,0.0
2025-12-28,21.7,33.5,27.6,0.0
2025-12-29,21.2,35.2,28.2,0.0
2025-12-30,22.4,34.1,28.2,0.0
2025-12-31,21.2,32.2,26.7,0.0
